Date,Open,High,Low,Close,Adj Close,Volume,Tiempo
05/07/13,57.580002,57.970001,57.330002,57.93,52.061333,1097400,0
08/07/13,58.040001,58.59,57.849998,57.860001,51.998428,1180100,1
09/07/13,58.080002,58.459999,57.709999,58.029999,52.151203,1134800,2
10/07/13,58.029999,58.529999,57.939999,58.43,52.510681,2120700,3
11/07/13,58.91,59.43,58.849998,59.049999,53.067875,1836100,4
12/07/13,59.049999,59.75,58.860001,59.540001,53.508224,1353300,5
15/07/13,59.490002,59.619999,59.130001,59.169998,53.175713,1353600,6
16/07/13,59.099998,59.580002,59.029999,59.32,53.310516,1448700,7
17/07/13,59.330002,59.59,59.099998,59.419998,53.400391,894100,8
18/07/13,59.369999,59.5,59,59.360001,53.34647,1222700,9
19/07/13,59.459999,60.080002,59.240002,59.849998,53.786831,2248800,10
22/07/13,59.73,59.950001,59.419998,59.869999,53.804802,2566900,11
23/07/13,59.75,60.689999,59.75,59.98,53.90366,2138100,12
24/07/13,56.41,56.880001,53.880001,56.040001,50.362801,7396700,13
25/07/13,55.950001,55.98,54.189999,54.25,48.754143,5029600,14
26/07/13,53.919998,54.34,53.619999,54.259998,48.763134,3245000,15
29/07/13,54.02,54.459999,53.740002,54.009998,48.538464,2143500,16
30/07/13,54.23,54.630001,53.900002,54.349998,48.844006,2568400,17
31/07/13,54.560001,55.259998,54.130001,54.830002,49.275383,2434000,18
01/08/13,55.07,55.400002,54.919998,55.32,49.715744,1417200,19
02/08/13,55.32,56.130001,55.150002,56.02,50.344833,1742500,20
05/08/13,55.799999,56.119999,55.639999,56.099998,50.416721,1190600,21
06/08/13,55.919998,56.52,55.84,56.400002,50.686333,1656500,22
07/08/13,56.189999,56.52,56.049999,56.48,50.758221,1679100,23
08/08/13,56.599998,57.16,56.259998,57.130001,51.342381,1721100,24
09/08/13,56.84,57.540001,56.84,57.360001,51.54908,1534500,25
12/08/13,57.049999,57.560001,56.799999,57.439999,51.620975,1898100,26
13/08/13,57.389999,57.939999,57.32,57.84,51.980453,1406500,27
14/08/13,57.68,57.959999,57.619999,57.709999,51.863625,1392900,28
15/08/13,57.099998,57.099998,56.52,56.959999,51.189606,3299600,29
16/08/13,57.310001,57.459999,56.900002,57.150002,51.360359,2011800,30
19/08/13,56.970001,57.52,56.939999,57.09,51.306431,1518600,31
20/08/13,56.959999,57.139999,56.849998,57.049999,51.270489,1913300,32
21/08/13,56.860001,57,55.779999,56.060001,50.380787,3258900,33
22/08/13,56.049999,56.450001,55.939999,56.330002,50.62344,1435500,34
23/08/13,56.490002,56.84,56.310001,56.740002,50.991894,1100300,35
26/08/13,56.59,57.060001,56.529999,56.549999,50.821136,1001500,36
27/08/13,56.029999,56.349998,55.700001,56.119999,50.4347,1720600,37
28/08/13,56.119999,56.599998,56.119999,56.389999,50.677338,1308900,38
29/08/13,56.259998,56.43,55.970001,56.189999,50.497604,1372400,39
30/08/13,56.16,56.209999,55.849998,56.009998,50.33585,1408800,40
03/09/13,56.380001,57,56.040001,56.279999,50.578491,1749400,41
04/09/13,56.220001,56.380001,55.959999,56.080002,50.398754,2384900,42
05/09/13,55.93,56.59,55.93,56.169998,50.479641,1457900,43
06/09/13,56.169998,56.810001,55.799999,56.470001,50.749245,1894600,44
09/09/13,56.630001,58,56.630001,57.59,51.755783,2370800,45
10/09/13,57.759998,58,57.139999,57.369999,51.558075,1794000,46
11/09/13,56.990002,57.32,56.639999,57.25,51.729752,1096500,47
12/09/13,57.349998,58,57.290001,57.5,51.955635,2043800,48
13/09/13,57.439999,57.529999,57.150002,57.459999,51.919502,1042300,49
16/09/13,58.060001,58.16,57.77,57.810001,52.235744,2050300,50
17/09/13,57.759998,58.290001,57.759998,58.279999,52.660427,1547200,51
18/09/13,58.25,59.380001,58.099998,59.259998,53.545937,2663700,52
19/09/13,59.220001,59.919998,59.200001,59.689999,53.934471,2588000,53
20/09/13,59.93,60.77,59.880001,60.389999,54.566967,8420000,54
23/09/13,60.16,60.389999,60.049999,60.369999,54.548901,1655200,55
24/09/13,60.23,60.23,59.919998,59.990002,54.205555,2714000,56
25/09/13,59.799999,60.119999,59.529999,59.849998,54.079044,1617800,57
26/09/13,59.869999,60.099998,59.709999,59.869999,54.097122,990700,58
27/09/13,59.740002,59.919998,59.549999,59.75,53.988689,838700,59
30/09/13,59.290001,59.610001,59.150002,59.380001,53.654377,1420600,60
01/10/13,59.419998,60.889999,59.240002,60.889999,55.018768,2788000,61
02/10/13,60.52,60.720001,60.150002,60.700001,54.847088,2405500,62
03/10/13,60.48,60.790001,60.34,60.560001,54.720589,1954300,63
04/10/13,60.369999,61.240002,60.16,61.139999,55.244656,1978700,64
07/10/13,60.66,61.57,60.529999,60.889999,55.018768,1531300,65
08/10/13,60.869999,60.91,59.57,59.619999,53.871223,1569900,66
09/10/13,59.82,59.889999,58.93,59.389999,53.663406,1362400,67
10/10/13,59.950001,60.610001,59.849998,60.610001,54.765766,1133300,68
11/10/13,60.380001,60.84,60.310001,60.52,54.684437,1046200,69
14/10/13,60.259998,61.130001,59.950001,61.029999,55.145256,1405400,70
15/10/13,60.709999,61,60.459999,60.490002,54.657333,1677900,71
16/10/13,60.73,61,60.43,60.709999,54.856117,2014900,72
17/10/13,60.400002,60.970001,60.25,60.919998,55.045876,1988900,73
18/10/13,60.990002,61.09,60.650002,60.810001,54.94648,2562300,74
21/10/13,60.880001,61.200001,60.82,61.18,55.280796,1885700,75
22/10/13,61,61.189999,60.209999,60.43,54.603115,3228100,76
23/10/13,61.68,66.389999,60.68,62.400002,56.383171,8847300,77
24/10/13,62.299999,62.799999,62.080002,62.509998,56.482552,1802000,78
25/10/13,62.650002,63.060001,62.419998,62.990002,56.916271,1523800,79
28/10/13,63,63.110001,62.330002,62.439999,56.419308,1261600,80
29/10/13,62.790001,63.060001,62.52,62.73,56.681355,930000,81
30/10/13,62.689999,62.790001,61.950001,62.25,56.247635,1121200,82
31/10/13,62.310001,62.98,62.080002,62.52,56.491596,1167700,83
01/11/13,62.68,62.849998,61.990002,62.389999,56.374119,1199100,84
04/11/13,62.400002,62.880001,62.400002,62.709999,56.663269,1125300,85
05/11/13,62.580002,63,62.52,62.68,56.636173,807400,86
06/11/13,62.889999,63.200001,62.610001,62.650002,56.60907,1144500,87
07/11/13,62.849998,63.419998,62.439999,62.490002,56.464493,1602100,88
08/11/13,62.599998,63.169998,62.599998,63.119999,57.033733,1172000,89
11/11/13,63,63.689999,62.939999,63.509998,57.386139,1031900,90
12/11/13,63.509998,64.25,63.419998,64.239998,58.045746,1192000,91
13/11/13,64,64.480003,63.799999,64.449997,58.235493,1213200,92
14/11/13,64.410004,64.970001,64.269997,64.580002,58.352962,1086500,93
15/11/13,64.809998,65.790001,64.730003,65.57,59.247501,1500800,94
18/11/13,65.489998,65.790001,65.190002,65.419998,59.111961,1208600,95
19/11/13,65.300003,65.5,64.550003,64.610001,58.380074,1120000,96
20/11/13,64.790001,65.07,64.510002,64.580002,58.352962,1300300,97
21/11/13,64.849998,65.459999,64.690002,65.410004,59.102936,1468500,98
22/11/13,65.389999,65.949997,65.160004,65.879997,59.527615,743900,99
25/11/13,65.830002,66.139999,65.599998,65.790001,59.446297,721200,100
26/11/13,65.849998,65.989998,65.220001,65.57,59.247501,1914700,101
27/11/13,65.650002,65.959999,65.339996,65.5,59.18425,1204600,102
29/11/13,65.589996,66.290001,65.330002,65.879997,59.527615,764600,103
02/12/13,65.75,66.129997,65.43,65.660004,59.328831,928600,104
03/12/13,65.379997,65.839996,65,65.790001,59.446297,927600,105
04/12/13,65.370003,65.699997,64.629997,64.93,58.669212,1357400,106
05/12/13,64.75,65.57,64.699997,65.230003,58.940292,1084800,107
06/12/13,65.589996,66.330002,65.410004,66.18,59.798679,1131900,108
09/12/13,66.019997,66.260002,65.650002,65.790001,59.446297,923100,109
10/12/13,65.510002,66.089996,65.129997,65.410004,59.102936,1431100,110
11/12/13,64.830002,65.419998,64.550003,64.599998,58.648987,1150900,111
12/12/13,64.400002,65.099998,64.209999,64.860001,58.885033,1334700,112
13/12/13,64.849998,65.230003,64.610001,65.050003,59.057549,1233600,113
16/12/13,65.050003,65.5,64.839996,65.360001,59.338985,1154900,114
17/12/13,65.089996,65.790001,64.839996,65.519997,59.484238,1175100,115
18/12/13,65.440002,66.169998,64.989998,66.160004,60.065285,1015300,116
19/12/13,66.059998,66.349998,65.82,65.849998,59.783825,2152300,117
20/12/13,65.650002,66.080002,65.589996,65.610001,59.565945,3196500,118
23/12/13,66,66.879997,65.660004,66.779999,60.628162,1744500,119
24/12/13,66.529999,67.279999,66.5,67.099998,60.918682,538500,120
26/12/13,67.089996,67.489998,66.940002,67.18,60.991322,861100,121
27/12/13,67.120003,67.610001,67.029999,67.330002,61.127502,599800,122
30/12/13,67.110001,67.669998,67.110001,67.25,61.054871,590900,123
31/12/13,67.18,67.639999,67.150002,67.5,61.281841,647800,124
02/01/14,67.370003,67.489998,65.839996,66.330002,60.21962,1101600,125
03/01/14,66.489998,66.639999,66.160004,66.199997,60.101601,801600,126
06/01/14,66.470001,66.669998,65.910004,65.919998,59.847389,1033000,127
07/01/14,65.919998,66.480003,65.739998,66.190002,60.092525,1010300,128
08/01/14,66.239998,66.339996,65.800003,65.989998,59.910938,900700,129
09/01/14,66.160004,66.660004,66.080002,66.5,60.37397,954600,130
10/01/14,66.68,66.690002,65.889999,66.150002,60.056202,2491200,131
13/01/14,66.160004,66.739998,65.32,65.489998,59.456993,1224100,132
14/01/14,65.82,66.440002,65.760002,66.349998,60.237778,836400,133
15/01/14,66.389999,66.480003,65.540001,65.620003,59.575035,1992000,134
16/01/14,65.699997,65.980003,65.529999,65.809998,59.747513,1012100,135
17/01/14,66.169998,66.669998,65.910004,66.099998,60.010796,1907000,136
21/01/14,66.889999,67.690002,66.769997,67.110001,60.927776,2300600,137
22/01/14,63.84,65.669998,62.68,64.510002,58.567287,4388000,138
23/01/14,64.68,65.419998,64.559998,65.339996,59.320816,2821300,139
24/01/14,65.160004,65.160004,64.419998,64.419998,58.485573,1698800,140
27/01/14,64.540001,64.879997,64.129997,64.43,58.494656,987800,141
28/01/14,64.440002,64.730003,64.110001,64.339996,58.412933,1431500,142
29/01/14,63.990002,64.639999,63.77,63.98,58.086105,1474300,143
30/01/14,64.730003,65.199997,64.550003,64.910004,58.930439,1178200,144
31/01/14,64.120003,64.330002,63.740002,63.799999,57.922688,2110700,145
03/02/14,63.900002,63.98,62.669998,62.720001,56.942177,1394300,146
04/02/14,63,63.310001,62.619999,62.990002,57.187305,916500,147
05/02/14,62.91,63.110001,62.5,62.889999,57.096523,1118000,148
06/02/14,63.099998,63.470001,63.009998,63.400002,57.559532,862700,149
07/02/14,63.599998,64.620003,63.43,64.599998,58.648987,1290100,150
10/02/14,64.589996,65.129997,64.32,65.080002,59.084782,1096100,151
11/02/14,65.190002,65.400002,64.779999,65.029999,59.039379,1200700,152
12/02/14,65.07,65.849998,65.07,65.779999,59.720291,1086600,153
13/02/14,65.309998,65.809998,65.309998,65.669998,59.62043,639200,154
14/02/14,65.68,65.809998,65.529999,65.610001,59.565945,592200,155
18/02/14,65.790001,65.989998,65.559998,65.779999,59.720291,690000,156
19/02/14,65.589996,65.760002,64.919998,64.93,58.948586,826100,157
20/02/14,64.989998,65.279999,64.589996,65.220001,59.211868,994900,158
21/02/14,65.550003,65.82,65,65.019997,59.0303,797900,159
24/02/14,64.949997,65.550003,64.839996,64.959999,58.97583,766000,160
25/02/14,65.010002,65.529999,64.889999,65.099998,59.102924,795700,161
26/02/14,65.139999,65.540001,64.669998,65.449997,59.420685,957000,162
27/02/14,65.190002,65.910004,65.019997,65.900002,59.829247,853400,163
28/02/14,65.93,66.339996,65.769997,66.199997,60.101601,2038200,164
03/03/14,65.800003,66.120003,65.389999,65.980003,59.901867,896700,165
04/03/14,66.32,67.5,66.290001,66.760002,60.610016,1632000,166
05/03/14,66.589996,66.739998,66.18,66.330002,60.21962,821800,167
06/03/14,66.400002,66.790001,66.32,66.57,60.437515,687200,168
07/03/14,66.699997,66.949997,66.440002,66.639999,60.501064,628800,169
10/03/14,66.540001,66.660004,66.129997,66.43,60.310413,724600,170
11/03/14,66.5,66.57,65.970001,66.080002,59.992653,843200,171
12/03/14,62.790001,65.389999,62.470001,65.019997,59.308537,1469000,172
13/03/14,65.059998,65.169998,64.110001,64.209999,58.569679,1242900,173
14/03/14,63.84,64.139999,63.490002,63.669998,58.077114,1142300,174
17/03/14,64.059998,65.139999,63.889999,65.080002,59.36327,1278600,175
18/03/14,65.120003,66.089996,65.099998,65.720001,59.947048,1053200,176
19/03/14,65.739998,66.370003,65.309998,65.699997,59.928799,912900,177
20/03/14,65.459999,66.949997,65.260002,66.660004,60.804478,1051800,178
21/03/14,67.209999,67.339996,66.470001,66.809998,60.941299,2518200,179
24/03/14,66.800003,66.870003,65.830002,66.050003,60.248055,1021700,180
25/03/14,66.269997,66.68,65.769997,66.18,60.366642,834900,181
26/03/14,66.449997,66.769997,65.139999,65.160004,59.436245,1121700,182
27/03/14,64.790001,65.139999,63.98,64.360001,58.706512,1151600,183
28/03/14,64.540001,64.82,64.150002,64.300003,58.651787,752800,184
31/03/14,64.519997,64.970001,64.209999,64.290001,58.642662,1063400,185
01/04/14,64.400002,64.980003,64.169998,64.910004,59.208202,1067900,186
02/04/14,64.959999,65.519997,64.779999,65.099998,59.381504,844500,187
03/04/14,64.830002,65.599998,64.75,65.089996,59.372387,1072500,188
04/04/14,65.279999,65.599998,64.220001,64.260002,58.615299,1281600,189
07/04/14,64.080002,64.690002,64.080002,64.43,58.77037,1215900,190
08/04/14,64.32,65.290001,64.209999,64.949997,59.244678,1511400,191
09/04/14,65,65.449997,64.849998,65.260002,59.527447,1019500,192
10/04/14,65.260002,65.360001,63.900002,63.990002,58.369011,920500,193
11/04/14,63.700001,64.43,63.32,63.389999,57.821716,905300,194
14/04/14,63.73,63.970001,63.259998,63.779999,58.177452,843400,195
15/04/14,65.099998,65.099998,62.84,63.369999,57.803467,6307100,196
16/04/14,63.52,63.52,62.200001,63.23,57.67577,2453100,197
17/04/14,63.07,63.27,62.07,63.150002,57.602802,2666500,198
21/04/14,62.91,62.91,62.080002,62.509998,57.019012,1428300,199
22/04/14,62.5,63.52,62.25,63.27,57.712261,2119800,200
23/04/14,63.380001,63.630001,62.639999,63.290001,57.730499,1530400,201
24/04/14,63.610001,63.77,62.919998,63,57.465981,1280800,202
25/04/14,62.869999,62.950001,62.200001,62.5,57.009892,1083800,203
28/04/14,63.07,63.48,62.23,62.639999,57.137604,2031600,204
29/04/14,63,63.669998,62.709999,63.43,57.858208,1152700,205
30/04/14,63.43,63.779999,63.060001,63.580002,57.995026,1574500,206
01/05/14,60.18,62.740002,59.919998,62.650002,57.146721,4819100,207
02/05/14,62.540001,65.879997,62.369999,65.510002,59.755478,5733900,208
05/05/14,65.059998,67.389999,65.019997,66.150002,60.339264,7600300,209
06/05/14,65.790001,66.919998,65.589996,66.400002,60.567303,5453100,210
07/05/14,66.260002,67.260002,66.120003,67.139999,61.242306,2506600,211
08/05/14,66.93,67.879997,66.830002,67.379997,61.46122,1968900,212
09/05/14,67.360001,67.669998,66.82,67.260002,61.351768,1928600,213
12/05/14,67.370003,68.099998,67.370003,67.800003,61.844341,1274400,214
13/05/14,67.730003,68.330002,67.510002,67.75,61.798721,1453800,215
14/05/14,67.629997,67.940002,67.160004,67.199997,61.297039,1159300,216
15/05/14,67.330002,67.449997,66.199997,66.339996,60.512581,1859300,217
16/05/14,66.419998,66.5,65.839996,66.300003,60.476093,4270700,218
19/05/14,66.239998,67.07,66.080002,66.879997,61.005138,1604600,219
20/05/14,66.889999,66.989998,66.150002,66.519997,60.676769,3607900,220
21/05/14,66.779999,67.18,66.690002,66.889999,61.014278,944200,221
22/05/14,66.279999,66.949997,66.040001,66.629997,60.777115,1613800,222
23/05/14,66.68,67.18,66.510002,67,61.114605,2423600,223
27/05/14,67.190002,67.290001,66.980003,67.019997,61.132843,1699600,224
28/05/14,67.120003,67.18,66.910004,66.93,61.050755,1766500,225
29/05/14,67.050003,67.099998,66.900002,66.910004,61.032516,1259000,226
30/05/14,67.059998,67.779999,66.870003,67.419998,61.497734,3006400,227
02/06/14,67.379997,67.75,67.209999,67.400002,61.479469,1296400,228
03/06/14,66.940002,67.470001,66.82,66.860001,60.986912,1481900,229
04/06/14,66.629997,67.25,66.610001,67.230003,61.324413,1232700,230
05/06/14,67.230003,67.709999,67.089996,67.169998,61.269676,1651800,231
06/06/14,67.309998,67.730003,67.239998,67.660004,61.716629,1282400,232
09/06/14,67.529999,67.970001,67.529999,67.669998,61.725754,1130300,233
10/06/14,67.739998,67.959999,67.5,67.699997,61.753124,1305000,234
11/06/14,67.339996,67.5,66.849998,66.93,61.3316,1017800,235
12/06/14,66.839996,67.029999,66.290001,66.459999,60.900906,1310000,236
13/06/14,66.699997,67.089996,66.629997,66.779999,61.194145,695400,237
16/06/14,66.709999,67.129997,66.660004,66.720001,61.139168,962000,238
17/06/14,66.610001,66.910004,66.529999,66.639999,61.065853,712700,239
18/06/14,66.75,66.889999,66.519997,66.620003,61.047539,1191100,240
19/06/14,66.610001,67.07,66.610001,67.059998,61.450726,1285100,241
20/06/14,67.239998,67.5,66.949997,67.07,61.459892,2179700,242
23/06/14,67.040001,67.32,66.910004,67.099998,61.48737,817200,243
24/06/14,66.940002,67.190002,66.699997,66.730003,61.148331,987400,244
25/06/14,66.610001,66.610001,66.269997,66.550003,60.983379,905100,245
26/06/14,66.68,66.68,66.160004,66.559998,60.992546,575100,246
27/06/14,66.330002,66.849998,66.050003,66.779999,61.194145,3307400,247
30/06/14,66.889999,66.970001,66.510002,66.57,61.001709,2656500,248
01/07/14,66.900002,67.269997,66.839996,66.959999,61.359089,2449700,249
02/07/14,66.760002,67.080002,66.68,67.019997,61.414063,942500,250
03/07/14,67.220001,67.480003,67.059998,67.410004,61.771446,553500,251
07/07/14,67.18,67.559998,67.18,67.239998,61.615654,939700,252
08/07/14,66.970001,67.209999,65.980003,66.269997,60.726803,2590300,253
09/07/14,66.370003,66.68,66.239998,66.580002,61.010872,1173800,254
10/07/14,66.099998,66.599998,65.949997,66.449997,60.891735,935800,255
11/07/14,66.32,66.370003,65.900002,66,60.479378,978800,256
14/07/14,66.029999,66.519997,66.010002,66.080002,60.552692,1079600,257
15/07/14,66.220001,66.440002,65.019997,65.489998,60.012039,2549600,258
16/07/14,65.709999,65.980003,65.57,65.669998,60.176983,1612600,259
17/07/14,65.480003,65.650002,64.910004,64.940002,59.508049,1475700,260
18/07/14,65.260002,65.68,65.07,65.489998,60.012039,1842900,261
21/07/14,65.449997,65.879997,65.300003,65.739998,60.241135,1259800,262
22/07/14,65.940002,66.419998,65.800003,66.050003,60.525208,1104400,263
23/07/14,66.080002,66.089996,65.669998,65.769997,60.268623,914100,264
24/07/14,66,66.029999,65.529999,65.610001,60.122005,1192700,265
25/07/14,65.440002,65.449997,64.919998,65,59.563034,792100,266
28/07/14,64.959999,65.360001,64.779999,65.209999,59.755459,757900,267
29/07/14,65.32,65.489998,64.720001,64.739998,59.324772,1141900,268
30/07/14,64.989998,65.07,64.580002,64.830002,59.407253,1015100,269
31/07/14,64.519997,64.610001,63.59,63.68,58.353443,1617700,270
01/08/14,63.799999,64.190002,63.549999,63.82,58.481739,1130100,271
04/08/14,63.799999,64.349998,63.599998,64.110001,58.747471,2604200,272
05/08/14,61.52,62.759998,60.540001,61.389999,56.254993,3399900,273
06/08/14,61.02,61.439999,60.57,61.209999,56.090054,3200700,274
07/08/14,61.25,62.299999,61.189999,61.25,56.126705,2258100,275
08/08/14,61.380001,62.209999,61.209999,62.189999,56.988075,1499600,276
11/08/14,62.240002,62.299999,61.709999,61.73,56.566547,948800,277
12/08/14,61.73,61.84,61.25,61.639999,56.484081,1229200,278
13/08/14,61.830002,62.310001,61.709999,62.029999,56.841454,1658500,279
14/08/14,62.119999,62.169998,61.450001,61.52,56.374111,1451000,280
15/08/14,61.830002,61.869999,60.689999,61,55.897614,2979600,281
18/08/14,61.310001,61.619999,60.790001,60.810001,55.723507,4838800,282
19/08/14,60.880001,61.619999,60.880001,61.369999,56.23666,2702000,283
20/08/14,61.32,61.799999,61.259998,61.639999,56.484081,1419200,284
21/08/14,61.540001,61.759998,61.360001,61.700001,56.539066,1578800,285
22/08/14,61.68,61.689999,61.209999,61.23,56.108376,1482100,286
25/08/14,61.52,61.599998,60.990002,61.02,55.915943,1194300,287
26/08/14,61.139999,61.18,60.220001,60.299999,55.256168,2413500,288
27/08/14,60.299999,60.540001,59.459999,59.68,54.688023,2108100,289
28/08/14,59.41,59.599998,59.220001,59.369999,54.403954,1992900,290
29/08/14,59.540001,59.630001,59.029999,59.400002,54.43145,2113700,291
02/09/14,59.310001,59.439999,58.860001,59.009998,54.074074,2270900,292
03/09/14,58.970001,59.18,58.740002,58.939999,54.009926,2255600,293
04/09/14,58.970001,59.150002,58.860001,58.98,54.046574,2950500,294
05/09/14,58.91,59.110001,58.610001,58.889999,53.964111,2447700,295
08/09/14,58.880001,61.130001,58.73,61.02,55.915943,11481100,296
09/09/14,60.880001,61.189999,60.450001,61.080002,55.970921,2577800,297
10/09/14,61.099998,61.41,61.009998,61.220001,56.099213,1766900,298
11/09/14,60.740002,61.240002,60.68,61.220001,56.412514,1117300,299
12/09/14,61.110001,61.73,60.880001,61.540001,56.70739,2069600,300
15/09/14,61.599998,61.599998,61.189999,61.419998,56.596806,1838200,301
16/09/14,61.27,61.860001,61.27,61.689999,56.845596,1476400,302
17/09/14,61.720001,62.099998,61.650002,61.91,57.048321,2275200,303
18/09/14,61.959999,62.150002,61.630001,62.040001,57.168129,1952400,304
19/09/14,62.240002,62.43,61.549999,61.880001,57.020679,2332500,305
22/09/14,61.689999,61.93,61.150002,61.68,56.836391,1479200,306
23/09/14,61.529999,61.77,61.369999,61.57,56.735023,1491900,307
24/09/14,61.459999,61.869999,61.220001,61.799999,56.946964,1765300,308
25/09/14,61.73,62.419998,61.459999,62.240002,57.352406,2384200,309
26/09/14,62.27,63.450001,62.259998,63.419998,58.439747,3410400,310
29/09/14,62.959999,63.32,62.52,63.18,58.218597,2216600,311
30/09/14,63.18,63.419998,63,63.279999,58.310745,1635500,312
01/10/14,63.380001,63.380001,62.27,62.34,57.444557,3382100,313
02/10/14,62.060001,62.200001,60.860001,61.029999,56.237438,2723200,314
03/10/14,61.080002,61.48,60.639999,61.299999,56.486221,1798400,315
06/10/14,61.299999,61.709999,61.139999,61.5,56.670521,1399500,316
07/10/14,61.23,61.540001,60.470001,60.470001,55.721405,1467300,317
08/10/14,60.41,61.639999,60.130001,61.580002,56.744244,1810200,318
09/10/14,61.349998,61.700001,60.380001,60.459999,55.712196,1427200,319
10/10/14,60.34,60.560001,59.029999,59.049999,54.412907,2057400,320
13/10/14,59.07,59.23,58.330002,58.5,53.906105,2072000,321
14/10/14,58.880001,59.43,58.509998,58.73,54.118046,1719200,322
15/10/14,58.259998,59.459999,57.790001,59.32,54.661709,2551700,323
16/10/14,58.349998,59.5,58.349998,59.18,54.532711,1579500,324
17/10/14,59.599998,60.93,59.599998,60.790001,56.016277,2226800,325
20/10/14,60.560001,61.259998,60.330002,61.25,56.440163,1428800,326
21/10/14,61.75,62.459999,61.419998,62.389999,57.490639,1351200,327
22/10/14,62.369999,62.610001,61.560001,61.630001,56.790318,1451300,328
23/10/14,62.310001,62.5,62.119999,62.25,57.361633,2149800,329
24/10/14,62.25,62.66,62.119999,62.57,57.656498,1600400,330
27/10/14,62.560001,62.970001,62.130001,62.799999,57.868443,1788000,331
28/10/14,62.84,64.059998,62.48,64.059998,59.029484,2645600,332
29/10/14,64,64.510002,63.740002,63.939999,58.918915,2370400,333
30/10/14,63.919998,64.32,62.380001,64.080002,59.047928,2456700,334
31/10/14,64.410004,65.150002,64.410004,64.5,59.43494,3633700,335
03/11/14,64.510002,64.970001,64.099998,64.68,59.6008,2593200,336
04/11/14,64.690002,66.989998,64.610001,66.760002,61.517471,4057100,337
05/11/14,66.5,66.699997,63.57,64.459999,59.398087,4288400,338
06/11/14,64.459999,64.459999,63.299999,63.419998,58.439747,2683600,339
07/11/14,63.439999,64.160004,62.610001,64.139999,59.10321,3142700,340
10/11/14,64.129997,64.400002,63.709999,63.939999,58.918915,2450000,341
11/11/14,63.970001,64,63.43,63.549999,58.559547,1929200,342
12/11/14,63.419998,63.939999,63.349998,63.700001,58.697769,1569400,343
13/11/14,63.860001,64.510002,63.860001,64.43,59.370438,1655800,344
14/11/14,64.379997,65.269997,64.110001,65.25,60.126045,1314900,345
17/11/14,65,65.400002,64.900002,65.400002,60.264259,1921300,346
18/11/14,65.400002,66.230003,65.269997,66,60.817135,1394300,347
19/11/14,65.989998,66.139999,65.610001,65.940002,60.761864,1175200,348
20/11/14,65.860001,66.110001,65.580002,65.660004,60.503845,1958800,349
21/11/14,66.260002,66.470001,65.220001,65.269997,60.144478,2656600,350
24/11/14,65.379997,65.970001,65.239998,65.809998,60.642063,1601000,351
25/11/14,65.800003,65.870003,65.559998,65.599998,60.44857,1043000,352
26/11/14,65.589996,65.879997,65.529999,65.559998,60.411701,842600,353
28/11/14,65.199997,66.080002,65.199997,65.720001,60.559139,728900,354
01/12/14,65.589996,65.760002,65.419998,65.440002,60.301121,1250300,355
02/12/14,65.440002,65.690002,65.269997,65.510002,60.365627,1129200,356
03/12/14,65.510002,65.760002,65.239998,65.32,60.190544,1865200,357
04/12/14,65.400002,65.669998,65.089996,65.199997,60.079964,1407200,358
05/12/14,65.290001,65.339996,64.730003,65,59.895676,1495300,359
08/12/14,65.110001,65.790001,65.040001,65.269997,60.144478,1168600,360
09/12/14,64.839996,65.309998,64.410004,65.290001,60.162903,767200,361
10/12/14,65.32,65.32,63.48,63.52,58.531891,1191900,362
11/12/14,63.290001,64.339996,63.200001,63.290001,58.633808,1506600,363
12/12/14,62.950001,63.279999,62.310001,62.310001,57.725899,2087100,364
15/12/14,62.700001,62.98,61.639999,61.91,57.355324,1520200,365
16/12/14,61.82,63.029999,61.630001,61.73,57.188568,1843000,366
17/12/14,62.439999,64.120003,62.419998,63.990002,59.282307,1913600,367
18/12/14,64.739998,65.120003,64.400002,65.110001,60.319908,1844700,368
19/12/14,65.43,65.830002,64.980003,65.5,60.681229,3263600,369
22/12/14,65.470001,66.529999,65.470001,66.529999,61.635445,1354600,370
23/12/14,66.639999,67.110001,66.540001,66.93,62.00602,1210600,371
24/12/14,66.940002,67.699997,66.940002,67.339996,62.385838,705800,372
26/12/14,67.43,67.75,67.330002,67.489998,62.524818,733700,373
29/12/14,67.239998,67.870003,67.139999,67.870003,62.876858,949900,374
30/12/14,67.610001,67.980003,67.510002,67.529999,62.561863,980800,375
31/12/14,67.540001,67.75,67.029999,67.080002,62.144985,972800,376
02/01/15,67.540001,67.730003,66.360001,66.510002,61.616909,1077900,377
05/01/15,66.239998,66.470001,64.959999,65.059998,60.273575,1628800,378
06/01/15,65,65.220001,64.110001,64.510002,59.76405,1738500,379
07/01/15,65,65,63.93,64.43,59.689938,1567600,380
08/01/15,64.910004,65.629997,64.879997,65.43,60.616371,1234800,381
09/01/15,65.669998,65.870003,65.099998,65.110001,60.319908,902000,382
12/01/15,65.110001,65.25,62.82,64.349998,59.615818,5705400,383
13/01/15,65.010002,65.68,63.799999,64.110001,59.393478,3206800,384
14/01/15,63.709999,64.07,63.169998,63.759998,59.069221,1554500,385
15/01/15,63.98,64.339996,63.349998,63.41,58.744968,1471100,386
16/01/15,63.16,64.080002,63.080002,64.050003,59.337894,1668100,387
20/01/15,64.419998,64.639999,63.66,64.019997,59.310093,1635400,388
21/01/15,63.759998,64.419998,63.580002,64.309998,59.578754,1171600,389
22/01/15,64.559998,65.559998,64.190002,65.360001,60.551521,970400,390
23/01/15,65.400002,66.089996,65.400002,65.480003,60.662685,771200,391
26/01/15,65.32,65.940002,65.129997,65.709999,60.875755,815900,392
27/01/15,65.010002,65.379997,64.489998,64.940002,60.162415,974600,393
28/01/15,65.459999,65.580002,63.830002,63.84,59.143341,1003500,394
29/01/15,63.75,63.990002,62.939999,63.830002,59.134071,1459600,395
30/01/15,63.529999,63.68,62.32,62.41,57.81855,2298600,396
02/02/15,62.740002,62.810001,61.889999,62.810001,58.189114,2801000,397
03/02/15,63.139999,64.07,63.139999,64.010002,59.300838,2474600,398
04/02/15,64.150002,65.690002,62.91,63.939999,59.235977,3794200,399
05/02/15,63.849998,64.099998,63.16,64,59.291569,2375800,400
06/02/15,64.010002,65.089996,63.869999,64.660004,59.903019,1569600,401
09/02/15,70.110001,70.260002,67.010002,67.779999,62.79348,7313900,402
10/02/15,67.620003,68.379997,67.220001,68.220001,63.201118,2444300,403
11/02/15,68.18,68.779999,68.18,68.57,63.525356,1592100,404
12/02/15,68.870003,70.019997,68.870003,70,64.850151,2193800,405
13/02/15,69.989998,70.059998,69.559998,69.910004,64.766785,2294000,406
17/02/15,69.669998,70.150002,69.300003,69.790001,64.655602,1880400,407
18/02/15,69.639999,69.779999,69.010002,69.120003,64.034904,1587600,408
19/02/15,69.379997,69.660004,68.949997,69.029999,63.951508,1893800,409
20/02/15,68.940002,69.870003,68.790001,69.830002,64.692665,2353900,410
23/02/15,69.849998,69.849998,68.480003,68.629997,63.580933,1415400,411
24/02/15,68.540001,68.800003,68.209999,68.529999,63.488297,1138300,412
25/02/15,68.480003,68.480003,67.93,68.019997,63.0158,1416100,413
26/02/15,68.110001,68.57,67.75,68.470001,63.432709,1554700,414
27/02/15,68.290001,68.5,67.610001,67.940002,62.941708,5007200,415
02/03/15,68,69.160004,68,68.889999,63.821812,1490900,416
03/03/15,68.660004,69,68.099998,68.139999,63.126999,1197500,417
04/03/15,67.790001,67.910004,66.970001,67.639999,62.663765,1351400,418
05/03/15,67.910004,68.139999,67.720001,67.93,62.932449,1053200,419
06/03/15,67.57,67.800003,66.650002,66.82,61.904102,1313400,420
09/03/15,66.82,67.059998,66.449997,66.57,61.672501,1295800,421
10/03/15,66.239998,66.349998,65.019997,65.330002,60.523724,1971400,422
11/03/15,65.330002,65.800003,65.209999,65.309998,60.821728,1330300,423
12/03/15,64.720001,65.339996,64.669998,64.959999,60.495781,1657400,424
13/03/15,65.010002,65.379997,64.18,64.800003,60.346783,1557700,425
16/03/15,64.959999,66,64.889999,65.860001,61.333931,1032900,426
17/03/15,65.449997,65.519997,64.900002,65.32,60.831036,1226700,427
18/03/15,65.080002,67.07,65.07,66.650002,62.069633,1437500,428
19/03/15,66.449997,67.010002,66.050003,66.339996,61.780945,1383500,429
20/03/15,66.540001,67.290001,66.449997,66.830002,62.237263,2748700,430
23/03/15,66.760002,67,66.519997,66.519997,61.948574,904800,431
24/03/15,66.610001,66.879997,66.220001,66.230003,61.678509,843500,432
25/03/15,66.209999,66.220001,65.25,65.349998,60.858978,1219000,433
26/03/15,64.93,65.559998,64.529999,65.419998,60.924168,957100,434
27/03/15,65.389999,65.629997,64.580002,65.379997,60.886917,1213000,435
30/03/15,65.849998,66.459999,65.720001,66.389999,61.827503,969000,436
31/03/15,66.25,66.900002,66.139999,66.669998,62.088257,1722900,437
01/04/15,66.660004,66.75,66.07,66.669998,62.088257,1109400,438
02/04/15,66.669998,67.459999,61.150002,62.509998,58.214153,8069900,439
06/04/15,62.09,62.240002,61.459999,61.48,57.25494,3462600,440
07/04/15,61.48,62.389999,61.279999,61.990002,57.729885,1358000,441
08/04/15,61.900002,62.459999,61.5,62.419998,58.130337,1488300,442
09/04/15,62.27,62.439999,61.799999,62.32,58.037212,923900,443
10/04/15,62.25,62.59,62.110001,62.529999,58.232773,900400,444
13/04/15,62.529999,62.990002,61.900002,61.970001,57.711258,1257000,445
14/04/15,62.009998,62.139999,61.650002,61.91,57.655384,1286100,446
15/04/15,61.959999,62.330002,61.759998,61.82,57.571568,1273300,447
16/04/15,61.709999,62.130001,61.709999,61.860001,57.608826,1936400,448
17/04/15,61.509998,61.610001,60.470001,60.68,56.509914,2097700,449
20/04/15,61.02,61.459999,61.009998,61.16,56.956928,1420600,450
21/04/15,61.34,61.709999,61.259998,61.43,57.20837,1273200,451
22/04/15,61.610001,61.810001,61.41,61.59,57.35738,993900,452
23/04/15,61.18,61.459999,60.84,60.84,56.658916,1380600,453
24/04/15,61.110001,61.110001,60.18,60.57,56.407467,1823400,454
27/04/15,60.849998,61.16,60.470001,60.98,56.789303,1456300,455
28/04/15,60.970001,61.139999,60.380001,60.689999,56.51923,993200,456
29/04/15,60.5,60.689999,59.720001,59.740002,55.634518,1366800,457
30/04/15,59.450001,59.84,59.32,59.75,55.643829,1890000,458
01/05/15,60.119999,60.369999,60.040001,60.279999,56.137402,1526400,459
04/05/15,60.369999,60.77,60.34,60.68,56.509914,993700,460
05/05/15,59.619999,60.150002,58.200001,58.59,54.563545,2343800,461
06/05/15,60.34,60.490002,58.200001,58.75,54.712547,2316200,462
07/05/15,59.290001,60.400002,59.119999,60.009998,55.885956,1862800,463
08/05/15,60.560001,61,60.41,60.59,56.426098,1040200,464
11/05/15,60.470001,60.619999,59.759998,59.799999,55.690384,1216100,465
12/05/15,59.43,59.689999,59.099998,59.419998,55.336498,769100,466
13/05/15,59.450001,59.720001,59.220001,59.25,55.178188,825400,467
14/05/15,59.619999,59.900002,59.419998,59.790001,55.68108,906800,468
15/05/15,59.790001,59.93,59.240002,59.299999,55.224751,1300000,469
18/05/15,59.220001,60.169998,59.220001,60.119999,55.9884,1628000,470
19/05/15,60.349998,60.349998,59.73,59.799999,55.690384,760500,471
20/05/15,59.900002,60.029999,59.610001,59.799999,55.690384,563600,472
21/05/15,59.650002,59.939999,59.59,59.790001,55.68108,650100,473
22/05/15,59.490002,59.740002,59.279999,59.66,55.560013,1049900,474
26/05/15,59.400002,59.400002,58.709999,59.110001,55.04781,1095400,475
27/05/15,59.349998,59.349998,58.700001,59.060001,55.001236,1571100,476
28/05/15,58.959999,59.869999,58.849998,59.630001,55.532074,854600,477
29/05/15,59.57,59.73,59,59,54.945374,1706400,478
01/06/15,59.09,59.990002,58.860001,59.650002,55.550701,1196000,479
02/06/15,59.419998,59.740002,58.950001,59.189999,55.122314,1159000,480
03/06/15,59.439999,59.639999,59.119999,59.48,55.392376,815600,481
04/06/15,59.240002,59.580002,58.740002,58.799999,54.759109,677500,482
05/06/15,58.869999,58.869999,58.389999,58.610001,54.582169,533400,483
08/06/15,58.540001,58.549999,57.889999,58.080002,54.088589,887900,484
09/06/15,58.169998,58.290001,57.759998,57.900002,53.920963,852600,485
10/06/15,58.060001,58.700001,57.880001,58.490002,54.470413,830700,486
11/06/15,58.459999,58.740002,58.23,58.549999,54.845108,896500,487
12/06/15,58.130001,58.189999,57.369999,57.650002,54.002048,1131400,488
15/06/15,57.16,58.060001,56.830002,57.950001,54.283066,1186800,489
16/06/15,57.970001,58.349998,57.720001,58.18,54.49852,947800,490
17/06/15,58.369999,58.5,57.490002,57.970001,54.301804,1060100,491
18/06/15,58,58.59,57.98,58.389999,54.695225,1212500,492
19/06/15,58.220001,58.34,57.779999,58.049999,54.376747,2303000,493
22/06/15,58.240002,59.279999,58.049999,59.220001,55.472713,1238700,494
23/06/15,59.509998,59.73,58.900002,59.119999,55.37904,1085900,495
24/06/15,58.93,59.060001,58.279999,58.290001,54.601559,741600,496
25/06/15,58.5,58.560001,58.049999,58.349998,54.657761,845600,497
26/06/15,58.290001,58.459999,57.939999,58.380001,54.685867,4395100,498
29/06/15,57.709999,58.09,57.040001,57.139999,53.524334,1067600,499
30/06/15,57.810001,57.810001,57.099998,57.34,53.711678,1520900,500
01/07/15,57.869999,57.869999,57.220001,57.599998,53.955223,827800,501
02/07/15,57.73,57.73,57.400002,57.509998,53.870914,765200,502
06/07/15,56.889999,57.279999,56.779999,57.220001,53.59927,892700,503
07/07/15,57.130001,57.639999,56.400002,57.490002,53.852184,1375900,504
08/07/15,57.369999,57.580002,56.740002,56.790001,53.196468,1455900,505
09/07/15,57.439999,57.529999,56.900002,56.939999,53.336979,1262900,506
10/07/15,57.470001,57.66,57.07,57.48,53.842812,914000,507
13/07/15,57.900002,58.459999,57.790001,58.43,54.7327,692300,508
14/07/15,58.490002,58.82,58.389999,58.599998,54.891941,809200,509
15/07/15,58.509998,58.98,58.419998,58.889999,55.163593,1133700,510
16/07/15,59.130001,59.34,59.02,59.290001,55.53828,846800,511
17/07/15,59.310001,59.48,58.59,58.849998,55.126122,735500,512
20/07/15,59.5,59.580002,59,59.400002,55.641319,1140900,513
21/07/15,59.310001,59.580002,59.09,59.57,55.800564,1378300,514
22/07/15,59.279999,59.709999,59.209999,59.349998,55.594479,970800,515
23/07/15,59.470001,59.5,58.73,58.849998,55.126122,818100,516
24/07/15,58.799999,59.799999,58.700001,59.5,55.734997,1315300,517
27/07/15,59.330002,59.330002,58.610001,58.709999,54.99498,880200,518
28/07/15,58.880001,59.130001,58.34,59.110001,55.369667,734800,519
29/07/15,59.150002,59.73,58.860001,59.580002,55.809933,680500,520
30/07/15,59.5,59.900002,59.34,59.860001,56.072212,488200,521
31/07/15,59.950001,60.360001,59.759998,60.16,56.35323,894900,522
03/08/15,60.080002,60.080002,59.169998,59.759998,55.978539,948500,523
04/08/15,59.689999,60.450001,59.580002,60.220001,56.409431,1457100,524
05/08/15,63.419998,65,63.200001,64.040001,59.987709,4174500,525
06/08/15,63.91,64,62.810001,63.799999,59.762897,2489300,526
07/08/15,63.650002,64.190002,62.950001,64.190002,60.12822,2231200,527
10/08/15,64.470001,64.5,63.5,63.990002,59.94088,1527200,528
11/08/15,63.689999,63.790001,63.150002,63.349998,59.34137,1210700,529
12/08/15,63.099998,64.769997,62.799999,64.599998,60.512272,1810100,530
13/08/15,64.519997,64.870003,64.120003,64.339996,60.268726,1058400,531
14/08/15,64.25,65.099998,64.139999,64.980003,60.868229,698400,532
17/08/15,64.68,65.279999,64.300003,65.269997,61.139885,782300,533
18/08/15,65.110001,67.169998,65.07,65.769997,61.608234,2132300,534
19/08/15,65.529999,65.93,65.290001,65.349998,61.214817,1280500,535
20/08/15,65.050003,65.089996,63.889999,63.889999,59.847202,1615000,536
21/08/15,63.529999,64.139999,62.439999,62.450001,58.498318,2238500,537
24/08/15,60.27,60.91,59.52,60.790001,56.943363,3061800,538
25/08/15,62.119999,62.169998,60.419998,60.439999,56.615505,2189100,539
26/08/15,61.509998,63.240002,60.700001,63.139999,59.144669,3538500,540
27/08/15,63.48,64.559998,63.279999,64.290001,60.221897,2227900,541
28/08/15,64.290001,65.190002,64.190002,64.550003,60.465443,2683900,542
31/08/15,64.389999,64.889999,64.110001,64.82,60.718346,2460300,543
01/09/15,63.599998,64.480003,63.5,63.849998,59.809731,4293500,544
02/09/15,64.510002,64.75,64.080002,64.720001,60.62468,6513500,545
03/09/15,65,65.470001,64.610001,65.110001,60.990009,6171000,546
04/09/15,66.010002,66.360001,65.059998,66.309998,62.114067,11244800,547
08/09/15,66.720001,69.709999,66.410004,69.610001,65.205261,4535300,548
09/09/15,70,70.260002,68.300003,68.300003,63.978142,4483500,549
10/09/15,68.269997,69.629997,68.010002,69.089996,64.718147,3367300,550
11/09/15,67.760002,67.93,66.889999,67.080002,63.146099,4585700,551
14/09/15,67.099998,67.379997,66.589996,66.839996,62.920166,2565300,552
15/09/15,66.779999,67.699997,66.760002,67.150002,63.212006,2023400,553
16/09/15,67.089996,67.730003,67.050003,67.470001,63.513233,1798400,554
17/09/15,67.470001,67.760002,66.800003,67.029999,63.099033,2245400,555
18/09/15,66.389999,67.699997,66.18,67.089996,63.155518,2938400,556
21/09/15,67.269997,67.940002,66.889999,67.050003,63.117863,1399300,557
22/09/15,66.279999,66.660004,66,66.580002,62.675426,1300500,558
23/09/15,66.830002,68.059998,66.809998,67.800003,63.823868,1546000,559
24/09/15,67.32,68.010002,66.940002,67.910004,63.927433,2083200,560
25/09/15,68.379997,69.389999,68.019997,69.199997,65.141785,2246200,561
28/09/15,68.669998,68.989998,67.860001,67.93,63.946255,2728700,562
29/09/15,67.849998,68.050003,67.080002,67.449997,63.494404,2165100,563
30/09/15,68.199997,68.970001,68.029999,68.379997,64.369858,3894600,564
01/10/15,68.349998,68.599998,67.290001,67.760002,63.786224,2099500,565
02/10/15,67.019997,68.410004,66.730003,68.400002,64.388687,1495600,566
05/10/15,68.519997,69.82,68.5,69.75,65.659508,2004900,567
06/10/15,69.440002,69.769997,68.839996,69.190002,65.132355,1006300,568
07/10/15,69.459999,69.879997,69.059998,69.790001,65.697166,1369400,569
08/10/15,69.730003,69.910004,69,69.5,65.424171,1375300,570
09/10/15,69.400002,69.739998,68.610001,68.779999,64.746399,1619600,571
12/10/15,68.75,69.650002,68.099998,69.43,65.358292,1093300,572
13/10/15,69.160004,69.610001,68.919998,69.040001,64.991158,869800,573
14/10/15,68.93,69.199997,68.610001,68.699997,64.671097,802600,574
15/10/15,69,69.440002,68.940002,69.269997,65.207649,1252100,575
16/10/15,69.459999,69.690002,69.099998,69.260002,65.198257,1125000,576
19/10/15,68.980003,69.290001,68.760002,69.029999,64.981735,682200,577
20/10/15,69,69.830002,68.940002,69.480003,65.405342,1739700,578
21/10/15,69.580002,69.849998,69.059998,69.470001,65.395935,1432600,579
22/10/15,69.209999,70.980003,69.160004,70.480003,66.346703,1552800,580
23/10/15,70.709999,70.769997,70,70.480003,66.346703,1203500,581
26/10/15,70.480003,70.559998,69.839996,70.050003,65.941933,1309400,582
27/10/15,69.650002,70.18,69.470001,69.959999,65.857208,993500,583
28/10/15,70.199997,70.830002,69.790001,70.370003,66.243156,1023700,584
29/10/15,70.169998,70.620003,70,70.129997,66.017235,969800,585
30/10/15,70.169998,70.540001,69.800003,69.970001,65.866608,1614200,586
02/11/15,70.050003,70.82,69.57,70.730003,66.582047,1411900,587
03/11/15,70.629997,71.57,70.32,71.360001,67.175102,1337200,588
04/11/15,68.099998,69.230003,63.950001,65.239998,61.414005,7150900,589
05/11/15,64.900002,67.720001,64.900002,67.400002,63.44733,3080900,590
06/11/15,67.529999,68.050003,67.040001,68.010002,64.021568,1209200,591
09/11/15,67.919998,68.32,67.18,68.199997,64.200417,1734600,592
10/11/15,68.089996,68.550003,67.779999,68.339996,64.332207,1481900,593
11/11/15,68.559998,70.489998,68.349998,70.019997,65.913681,1312800,594
12/11/15,69.739998,69.980003,69.309998,69.440002,65.367699,978500,595
13/11/15,69.07,69.57,68.370003,69.029999,64.981735,1896100,596
16/11/15,68.919998,70.110001,68.650002,70.019997,65.913681,832200,597
17/11/15,70.139999,71.190002,69.839996,71.050003,66.883301,1073400,598
18/11/15,71.120003,72,70.980003,71.980003,67.758736,1255300,599
19/11/15,72,72.970001,71.669998,72.449997,68.201157,1389100,600
20/11/15,72.760002,72.809998,72.18,72.190002,67.956436,1380400,601
23/11/15,72.239998,72.519997,71.82,72.239998,68.003502,988300,602
24/11/15,71.559998,72.449997,71.5,71.959999,67.739906,1038600,603
25/11/15,72.160004,72.160004,71.650002,71.830002,67.617531,882000,604
27/11/15,71.980003,72.150002,70.980003,72.019997,67.796394,343900,605
30/11/15,72.220001,72.220001,71.599998,71.779999,67.57048,1543100,606
01/12/15,72.099998,72.32,71.669998,72.050003,67.824638,1251500,607
02/12/15,72.269997,72.440002,71.800003,71.889999,67.674019,760400,608
03/12/15,72.129997,72.220001,70.860001,71.080002,66.911522,816600,609
04/12/15,71.300003,72.389999,71.300003,72.110001,67.881119,1596500,610
07/12/15,71.730003,71.980003,70.279999,70.379997,66.252548,1635100,611
08/12/15,69.779999,70.300003,69.260002,69.75,65.659508,1115300,612
09/12/15,69.440002,69.809998,68.730003,69.309998,65.245323,1077500,613
10/12/15,69.160004,70.080002,69.089996,69.370003,65.301811,1099700,614
11/12/15,68.550003,68.809998,67.849998,68.610001,64.97036,1313600,615
14/12/15,68.510002,69.029999,67.889999,68.139999,64.525291,1108700,616
15/12/15,68.589996,69.790001,68.43,69.129997,65.462784,831500,617
16/12/15,69.519997,69.889999,68.989998,69.519997,65.832092,947600,618
17/12/15,69.800003,70.489998,68.559998,68.559998,64.923019,1079100,619
18/12/15,68.260002,68.550003,67.550003,67.580002,63.995003,2089800,620
21/12/15,67.760002,68.139999,67.620003,68.029999,64.421143,592300,621
22/12/15,68.349998,69.160004,67.900002,68.870003,65.216576,914900,622
23/12/15,69.290001,69.419998,68.870003,69.209999,65.538536,373100,623
24/12/15,69.239998,69.389999,68.870003,69.059998,65.3965,249500,624
28/12/15,68.860001,69.32,68.68,69.18,65.510132,335100,625
29/12/15,69.510002,69.779999,69.440002,69.639999,65.945724,416700,626
30/12/15,69.559998,69.889999,69.199997,69.300003,65.623772,426400,627
31/12/15,69,69.239998,68.449997,68.449997,64.818848,327100,628
04/01/16,67.669998,67.669998,66.620003,67.129997,63.568874,910800,629
05/01/16,66.5,67.110001,65.82,66.389999,62.868126,1242100,630
06/01/16,65.57,66.580002,65.25,65.43,61.959049,956400,631
07/01/16,64.629997,65.290001,63.540001,64.110001,60.709087,1197200,632
08/01/16,64.330002,64.949997,64,64.25,60.84166,1288500,633
11/01/16,64.660004,64.970001,63.860001,64.370003,60.955299,884500,634
12/01/16,64.93,65.050003,63.849998,64.910004,61.466652,1125100,635
13/01/16,65.07,65.150002,63.200001,63.369999,60.008343,877900,636
14/01/16,63.66,63.91,62.98,63.110001,59.762131,1204600,637
15/01/16,61.799999,62.279999,61.209999,61.59,58.322769,1290900,638
19/01/16,62.299999,62.360001,60.66,61.130001,57.887173,1444700,639
20/01/16,60.380001,60.759998,59.130001,60.360001,57.15802,1247600,640
21/01/16,60.400002,61.27,60.029999,60.82,57.593616,839000,641
22/01/16,61.560001,62.119999,61.41,62.040001,58.748894,741200,642
25/01/16,61.93,62.869999,61.59,62.419998,59.108738,881500,643
26/01/16,62.509998,63.43,62.400002,63.16,59.809479,762400,644
27/01/16,63.889999,65.989998,63.470001,64.800003,61.36248,1642400,645
28/01/16,64.959999,65.449997,64.379997,64.739998,61.305653,1126400,646
29/01/16,65.050003,66.790001,64.730003,66.769997,63.227966,1224600,647
01/02/16,66.580002,67.199997,66.220001,66.849998,63.303734,1108300,648
02/02/16,66.089996,66.43,64.010002,64.32,60.907944,2121200,649
03/02/16,64.650002,65.599998,63.849998,64.879997,61.438236,761300,650
04/02/16,64.699997,64.910004,63.810001,64.25,60.84166,919700,651
05/02/16,63.990002,64.260002,62.52,62.82,59.487514,1082900,652
08/02/16,62.220001,62.48,61.25,62.09,58.796242,1105500,653
09/02/16,61.490002,63.400002,61.48,62.240002,58.938286,1213100,654
10/02/16,62.720001,63.169998,60.900002,60.970001,57.735661,1081100,655
11/02/16,60.189999,60.830002,59.779999,60.52,57.309525,832800,656
12/02/16,61,61.959999,60.68,61.779999,58.502682,567600,657
16/02/16,62.470001,63.459999,62.360001,63.419998,60.055687,771200,658
17/02/16,63.93,65.190002,63.740002,65.050003,61.599224,935500,659
18/02/16,65.169998,65.410004,64.669998,64.779999,61.34354,948900,660
19/02/16,64.779999,66.059998,64.330002,66,62.498829,1513600,661
22/02/16,66.459999,67.129997,66.220001,66.75,63.209038,1833400,662
23/02/16,70.040001,72.709999,69.309998,70.779999,67.025261,4942200,663
24/02/16,70.889999,73,70.75,72.839996,68.97596,3605900,664
25/02/16,72.989998,74.18,72.669998,74.059998,70.131241,2073300,665
26/02/16,74.300003,75.809998,74.059998,74.860001,70.888824,2096500,666
29/02/16,75,75.269997,72.949997,73.489998,69.591492,4345100,667
01/03/16,70.940002,71.68,69.309998,71.190002,67.413506,7223300,668
02/03/16,71.199997,71.339996,70.389999,71.279999,67.498741,2762700,669
03/03/16,71.199997,71.580002,70.75,71.25,67.470322,4199800,670
04/03/16,71.660004,71.75,70.779999,70.949997,67.186234,2543500,671
07/03/16,70.669998,71.190002,70.470001,71.010002,67.243073,2181900,672
08/03/16,70.709999,71.449997,70.639999,71.099998,67.32827,1652100,673
09/03/16,71.339996,71.830002,71.169998,71.480003,67.688118,1636300,674
10/03/16,71.830002,72.629997,70.68,71.220001,67.441917,2886000,675
11/03/16,71.459999,71.75,70.900002,71.199997,67.813347,2452900,676
14/03/16,71,72,70.589996,71.830002,68.413399,2548400,677
15/03/16,71.510002,72.639999,71.510002,71.970001,68.54673,2318700,678
16/03/16,71.959999,72.410004,71.339996,72.239998,68.803894,1914400,679
17/03/16,72.529999,73.769997,72.25,72.830002,69.365829,2172700,680
18/03/16,72.989998,73.029999,72.510002,72.589996,69.137222,1456500,681
21/03/16,72.410004,73.309998,71.959999,73.120003,69.642029,2387200,682
22/03/16,73.019997,74.040001,72.720001,73.709999,70.203979,2463700,683
23/03/16,73.709999,73.709999,72.849998,73.150002,69.670609,1358200,684
24/03/16,73.040001,73.040001,72.400002,72.589996,69.137222,1135100,685
28/03/16,72.75,73.910004,72.75,73.370003,69.88015,1374100,686
29/03/16,73.5,74.389999,73.260002,74.089996,70.565903,781600,687
30/03/16,74.5,75.379997,74.290001,74.889999,71.327843,1490200,688
31/03/16,74.779999,75.830002,74.779999,75.699997,72.099312,1480500,689
01/04/16,75.300003,76.589996,75.019997,76.110001,72.489815,2105200,690
04/04/16,75.400002,76.830002,75.129997,76.32,72.689827,1951400,691
05/04/16,75.970001,76.220001,75.089996,75.709999,72.108849,1647500,692
06/04/16,75.93,76.150002,75.169998,76.089996,72.470772,1421700,693
07/04/16,75.769997,75.919998,74.860001,74.989998,71.423088,1045200,694
08/04/16,75.519997,75.599998,75.07,75.239998,71.661201,867300,695
11/04/16,75.370003,75.580002,74.760002,74.879997,71.318321,1122300,696
12/04/16,75.019997,75.139999,74.599998,75.040001,71.470711,920900,697
13/04/16,75.540001,75.580002,75.010002,75.370003,71.785011,1208600,698
14/04/16,75.449997,75.669998,74.900002,75.309998,71.727867,789400,699
15/04/16,75.18,75.769997,74.879997,75.639999,72.042168,1136400,700
18/04/16,75.360001,75.699997,75,75.690002,72.08979,798700,701
19/04/16,75.989998,76,75.529999,75.970001,72.356483,691900,702
20/04/16,75.900002,75.900002,74.910004,75.550003,71.956467,993600,703
21/04/16,75.400002,75.550003,74.849998,74.989998,71.423088,656200,704
22/04/16,74.629997,75.93,74.629997,75.559998,71.965981,634800,705
25/04/16,75.230003,75.75,75.230003,75.510002,71.918365,599400,706
26/04/16,75.5,76.120003,75.150002,75.900002,72.28981,755100,707
27/04/16,75.550003,76.480003,75.239998,76.040001,72.423141,1313300,708
28/04/16,75.699997,76.150002,75.169998,75.339996,71.756432,674000,709
29/04/16,75.07,75.300003,74.220001,75.190002,71.613579,986800,710
02/05/16,75.470001,76.029999,74.940002,76,72.38504,1022400,711
03/05/16,75.629997,75.629997,74.629997,74.959999,71.394516,1234000,712
04/05/16,74.220001,74.709999,73.739998,74.220001,70.689713,928700,713
05/05/16,74.209999,75.269997,74.07,74.25,70.718285,1356100,714
06/05/16,71.889999,74.25,66.510002,70.540001,67.184761,5561100,715
09/05/16,70.419998,71.260002,70,70.82,67.451431,2846000,716
10/05/16,70.870003,71.690002,70.620003,71.050003,67.670509,1508300,717
11/05/16,71.050003,71.330002,69.970001,70.07,66.737114,1972800,718
12/05/16,70.209999,71.540001,69.660004,71.110001,67.727638,1853500,719
13/05/16,70.980003,71.300003,70.379997,70.620003,67.260941,1897500,720
16/05/16,70.400002,71.269997,70.07,70.830002,67.460968,1745600,721
17/05/16,70.660004,70.800003,69.860001,69.889999,66.565666,2012700,722
18/05/16,69.82,70.199997,69.050003,69.459999,66.156128,1208900,723
19/05/16,69.360001,69.760002,68.290001,68.720001,65.451324,1240600,724
20/05/16,69.139999,69.139999,68.610001,68.75,65.479889,1624000,725
23/05/16,68.580002,69,68.489998,68.779999,65.508469,1743600,726
24/05/16,68.870003,69.790001,68.870003,69.68,66.365669,1414300,727
25/05/16,69.75,69.970001,69.330002,69.349998,66.051353,1155400,728
26/05/16,69.32,69.839996,68.959999,69.400002,66.098984,828500,729
27/05/16,69.129997,69.510002,68.540001,69.5,66.194214,1187500,730
31/05/16,69.599998,69.720001,68.739998,69.269997,65.975151,3524600,731
01/06/16,69.010002,69.449997,68.650002,69.059998,65.775146,1556800,732
02/06/16,69.059998,69.160004,68.620003,68.800003,65.527534,2347600,733
03/06/16,68.650002,68.779999,67.690002,68.470001,65.213219,4249100,734
06/06/16,68.519997,69.050003,68.199997,68.769997,65.49894,2766300,735
07/06/16,68.480003,68.650002,67.93,68.160004,64.917961,3355800,736
08/06/16,68.400002,69.32,68.18,69.050003,65.765625,2742200,737
09/06/16,68.919998,69.25,68.349998,68.559998,65.298927,1516300,738
10/06/16,67.919998,68.050003,67.230003,67.440002,64.232208,2048900,739
13/06/16,66.900002,67.910004,66.769997,66.82,64.030975,2520100,740
14/06/16,66.550003,67.459999,66.5,67.239998,64.433434,1687700,741
15/06/16,67.309998,67.900002,67.209999,67.540001,64.720917,4527200,742
16/06/16,67.120003,67.870003,67.029999,67.800003,64.970055,2178600,743
17/06/16,67.82,67.919998,67.300003,67.330002,64.519684,3816900,744
20/06/16,67.93,68.589996,67.849998,68.349998,65.497108,3958000,745
21/06/16,68.309998,68.419998,67.800003,67.809998,64.979652,1259700,746
22/06/16,67.720001,67.93,67.379997,67.43,64.615509,1079900,747
23/06/16,67.830002,68.160004,67.699997,68.010002,65.171303,1001800,748
24/06/16,66.050003,66.449997,64.599998,64.730003,62.028206,4735100,749
27/06/16,64.169998,64.169998,62.759998,63.080002,60.447083,2327600,750
28/06/16,63.610001,63.810001,62.82,63.689999,61.031616,2158000,751
29/06/16,64.230003,64.650002,63.73,64.550003,61.855724,1169300,752
30/06/16,65.370003,65.980003,64.879997,65.970001,63.21645,1926500,753
01/07/16,65.860001,66.459999,65.559998,66.010002,63.254772,1171900,754
05/07/16,65.470001,65.470001,64.730003,64.769997,62.066536,939900,755
06/07/16,64.419998,65.349998,64.050003,65.300003,62.574417,2213000,756
07/07/16,65.190002,65.43,64.760002,65.050003,62.334858,930200,757
08/07/16,65.669998,66.540001,65.5,66.379997,63.609337,923500,758
11/07/16,66.57,66.739998,66.209999,66.620003,63.839333,983500,759
12/07/16,67.260002,67.510002,66.879997,67.400002,64.586754,1181500,760
13/07/16,67.669998,67.730003,67.32,67.459999,64.644264,951400,761
14/07/16,67.870003,68.160004,67.470001,67.580002,64.759254,958900,762
15/07/16,67.790001,67.790001,67.080002,67.400002,64.586754,928200,763
18/07/16,67.400002,68,67.400002,67.550003,64.730507,695900,764
19/07/16,67.599998,67.760002,67.099998,67.5,64.682594,765600,765
20/07/16,67.57,68.019997,67.529999,67.93,65.094635,979900,766
21/07/16,67.830002,68.129997,67.309998,67.550003,64.730507,714700,767
22/07/16,67.510002,68.360001,67.470001,68.25,65.401291,816100,768
25/07/16,68.029999,68.339996,67.860001,68.089996,65.247971,566900,769
26/07/16,68.150002,68.489998,68.099998,68.419998,65.564178,564500,770
27/07/16,68.449997,69.290001,68.209999,69.260002,66.369133,1336600,771
28/07/16,69.019997,69.730003,69.010002,69.580002,66.675781,1215400,772
29/07/16,69.459999,69.57,68.989998,69.379997,66.484123,936300,773
01/08/16,69.400002,69.699997,69.029999,69.629997,66.723679,871600,774
02/08/16,69.419998,69.5,68.360001,68.839996,65.96666,809200,775
03/08/16,68.800003,69.290001,68.559998,69.290001,66.397881,1032100,776
04/08/16,69.389999,70.760002,69.339996,70.239998,67.308228,1752300,777
05/08/16,70.370003,73.639999,69.809998,73.5,70.432152,2783800,778
08/08/16,73.660004,74.830002,73.5,73.93,70.8442,2120100,779
09/08/16,74.019997,74.519997,73.800003,74.279999,71.179588,1575000,780
10/08/16,74.209999,74.370003,73.889999,74.279999,71.179588,1464000,781
11/08/16,74.599998,75.860001,74.480003,75.519997,72.367828,1614200,782
12/08/16,75.389999,75.949997,74.510002,74.540001,71.428757,1946100,783
15/08/16,74.550003,75.620003,74.309998,75.440002,72.291183,1721000,784
16/08/16,75.32,75.690002,74.790001,75.580002,72.425331,1319800,785
17/08/16,75.410004,75.809998,75.080002,75.68,72.521156,2159200,786
18/08/16,75.690002,76.010002,75.540001,75.989998,72.818214,658800,787
19/08/16,75.739998,76.480003,75.639999,76.339996,73.153603,795600,788
22/08/16,76.07,76.510002,75.839996,76.489998,73.297348,833400,789
23/08/16,76.800003,77.43,76.629997,76.989998,73.776482,1113100,790
24/08/16,76.720001,77.220001,76.5,77.120003,73.90107,1078300,791
25/08/16,76.82,77.379997,76.779999,77.18,73.958557,956500,792
26/08/16,77.110001,77.860001,76.589996,77.199997,73.977715,776500,793
29/08/16,77.199997,77.639999,76.93,77.290001,74.063965,829700,794
30/08/16,77.349998,77.660004,77.150002,77.510002,74.274788,1139600,795
31/08/16,77.190002,77.190002,76.68,76.989998,73.776482,1410300,796
01/09/16,76.959999,77.019997,76.050003,76.800003,73.594421,1562700,797
02/09/16,77.18,77.989998,77.059998,77.949997,74.696411,1084700,798
06/09/16,77.919998,78.989998,77.510002,78.32,75.050972,1398100,799
07/09/16,78.150002,78.419998,77.860001,78.080002,74.820992,1220100,800
08/09/16,77.830002,77.989998,77.360001,77.370003,74.140625,1475200,801
09/09/16,77.019997,77.580002,76.559998,76.650002,73.450691,1588100,802
12/09/16,76.769997,77.279999,75.900002,77.230003,74.006462,1516400,803
13/09/16,76.57,77.989998,76.029999,76.089996,73.303207,1336000,804
14/09/16,75.910004,75.989998,75.25,75.470001,72.70591,1008000,805
15/09/16,75.559998,76.110001,75.529999,76.040001,73.255035,1535400,806
16/09/16,75.730003,75.910004,75.370003,75.629997,72.860046,3574200,807
19/09/16,75.650002,76.400002,75.480003,75.760002,72.985291,769300,808
20/09/16,76.139999,76.239998,75.040001,75.209999,72.455429,715000,809
21/09/16,75.209999,75.779999,75.080002,75.730003,72.95639,1268900,810
22/09/16,76.25,76.449997,76.059998,76.190002,73.399544,619700,811
23/09/16,76.040001,76.470001,75.970001,76.110001,73.322472,1275800,812
26/09/16,75.720001,76.160004,75.610001,75.949997,73.168327,611600,813
27/09/16,75.949997,76.440002,75.730003,76.32,73.52478,1134900,814
28/09/16,76.290001,76.959999,76.160004,76.790001,73.97757,1100100,815
29/09/16,76.459999,77.370003,76.160004,77.209999,74.382179,1839400,816
30/09/16,77.489998,77.5,76.050003,76.279999,73.486244,1806300,817
03/10/16,75.980003,76.389999,75.169998,75.25,72.493973,1055400,818
04/10/16,75.129997,75.599998,74.010002,74.419998,71.694366,978100,819
05/10/16,74.699997,74.940002,74.120003,74.349998,71.626915,1084400,820
06/10/16,74.339996,74.779999,74.050003,74.639999,71.906311,627000,821
07/10/16,74.790001,74.790001,73.739998,74.480003,71.752182,683000,822
10/10/16,74.889999,74.989998,74.400002,74.669998,71.935204,501100,823
11/10/16,74.660004,74.699997,73.089996,73.5,70.808067,874200,824
12/10/16,74.209999,74.970001,73.550003,73.760002,71.05854,1578500,825
13/10/16,73.550003,73.550003,72.300003,73.059998,70.384171,1231400,826
14/10/16,73.529999,74.050003,73.339996,73.580002,70.885124,766100,827
17/10/16,73.660004,73.980003,73.089996,73.129997,70.451607,792700,828
18/10/16,73.790001,74.199997,73.68,73.800003,71.097076,475100,829
19/10/16,74.029999,74.199997,73.43,73.800003,71.097076,671000,830
20/10/16,73.75,73.940002,73.400002,73.57,70.875488,510200,831
21/10/16,73.110001,73.690002,72.980003,73.620003,70.923668,585800,832
24/10/16,74.110001,74.910004,73.870003,74.489998,71.761795,591600,833
25/10/16,74.489998,74.529999,73.739998,74.160004,71.443893,946300,834
26/10/16,74.07,74.410004,73.550003,73.580002,70.885124,651700,835
27/10/16,73.669998,73.93,73.220001,73.480003,70.788795,1016100,836
28/10/16,73.559998,74.230003,72.75,72.830002,70.162605,1036800,837
31/10/16,72.709999,73.040001,72.050003,72.580002,69.921753,1020100,838
01/11/16,72.900002,72.970001,71.82,72.32,69.671288,648400,839
02/11/16,72.290001,72.75,71.510002,71.57,68.948738,1075900,840
03/11/16,71.709999,72.300003,71.239998,71.290001,68.679001,1308400,841
04/11/16,72.559998,76.019997,72.540001,75.900002,73.120155,2657200,842
07/11/16,76.779999,77.739998,76.639999,77.709999,74.863869,1407500,843
08/11/16,77.830002,79.080002,77.519997,78.559998,75.682732,1517000,844
09/11/16,77.459999,79.440002,77.089996,78.959999,76.068085,1345000,845
10/11/16,79.300003,79.830002,78.57,79.190002,76.289673,918900,846
11/11/16,79.129997,80.5,79.010002,80.379997,77.436089,1340500,847
14/11/16,80.5,81.370003,80.459999,80.599998,77.648018,1139500,848
15/11/16,80.900002,81.830002,80.690002,81.800003,78.80407,1390200,849
16/11/16,81.790001,82.199997,80.489998,80.510002,77.561317,1393600,850
17/11/16,80.389999,81.43,79.93,80.349998,77.407181,1262100,851
18/11/16,80.599998,80.599998,79.879997,79.980003,77.050735,724800,852
21/11/16,80.209999,80.400002,79.07,79.830002,76.906219,1203000,853
22/11/16,80.040001,80.639999,79.589996,80.309998,77.368629,1083700,854
23/11/16,80.360001,81.010002,80,80.260002,77.320465,1133800,855
25/11/16,80.25,81.199997,80.25,80.980003,78.014107,392800,856
28/11/16,80.82,81.07,80.550003,80.860001,77.898506,769000,857
29/11/16,80.660004,81.300003,80.650002,81.110001,78.139343,674100,858
30/11/16,81.120003,81.199997,80.099998,80.25,77.310837,1589500,859
01/12/16,80.25,80.849998,78.809998,79.190002,76.289673,1158500,860
02/12/16,79.160004,79.68,78.699997,79.5,76.58831,948800,861
05/12/16,79.849998,80.919998,79.32,80.919998,77.956299,1568600,862
06/12/16,81.190002,82.269997,80.790001,82.220001,79.208694,1258500,863
07/12/16,82.339996,83.279999,82.050003,83.269997,80.220238,1241000,864
08/12/16,83.32,83.57,82.650002,83.300003,80.249146,756700,865
09/12/16,83.309998,83.43,82.639999,82.790001,79.757813,686400,866
12/12/16,82.629997,82.739998,81.949997,82.599998,79.57476,913200,867
13/12/16,82.239998,83.900002,82.089996,83.239998,80.650238,642000,868
14/12/16,83.349998,83.720001,82.709999,82.900002,80.320808,641400,869
15/12/16,82.900002,83.949997,82.559998,83.459999,80.863411,714400,870
16/12/16,83.68,83.860001,82.989998,83.400002,80.805267,1474300,871
19/12/16,83.339996,84.269997,82.610001,83.93,81.318771,739400,872
20/12/16,84.099998,84.410004,83.599998,83.760002,81.154068,532700,873
21/12/16,83.860001,87.550003,83.709999,84,81.386589,2054400,874
22/12/16,84.120003,84.440002,83.260002,83.720001,81.115318,639400,875
23/12/16,83.620003,83.800003,83.209999,83.410004,80.814957,399900,876
27/12/16,83.410004,84.07,83.389999,83.519997,80.921524,477000,877
28/12/16,83.599998,83.730003,82.739998,82.860001,80.282066,329800,878
29/12/16,82.849998,83.470001,82.540001,82.870003,80.291756,414400,879
30/12/16,83.169998,83.339996,82.57,82.889999,80.311119,500500,880
03/01/17,83.389999,83.919998,83.019997,83.599998,80.999046,1029000,881
04/01/17,83.550003,83.93,83.120003,83.489998,80.892448,778200,882
05/01/17,83.239998,83.629997,82,82.639999,80.068909,734700,883
06/01/17,82.879997,83.410004,82.510002,82.889999,80.311119,587700,884
09/01/17,82.889999,83.110001,82.580002,83.019997,80.43708,853300,885
10/01/17,82.959999,83.080002,82.129997,82.629997,80.059212,626900,886
11/01/17,82.300003,82.910004,82.300003,82.879997,80.301445,522300,887
12/01/17,82.610001,82.610001,81.629997,82.18,79.623222,624400,888
13/01/17,82.389999,83.089996,82.07,82.269997,79.710419,542500,889
17/01/17,81.809998,82.099998,80.57,80.730003,78.21833,847300,890
18/01/17,80.970001,81.68,80.550003,81.650002,79.109711,708800,891
19/01/17,81.690002,82.260002,81.279999,81.860001,79.313179,566700,892
20/01/17,82.07,82.510002,81.830002,82.360001,79.797615,616400,893
23/01/17,82.639999,83.5,81.949997,82.440002,79.875137,855700,894
24/01/17,82.580002,84.82,82.32,84.349998,81.725716,1126400,895
25/01/17,84.690002,85.440002,84.489998,85.290001,82.636459,994800,896
26/01/17,85.110001,85.290001,83.349998,83.360001,80.76651,1298400,897
27/01/17,83.379997,83.379997,81.68,82.980003,80.398338,1237800,898
30/01/17,82.389999,83.07,81.18,81.699997,79.15815,1685600,899
31/01/17,81.349998,81.699997,79.900002,80.709999,78.198952,1381200,900
01/02/17,81.160004,81.779999,79.75,80.029999,77.5401,1528100,901
02/02/17,79.860001,81.059998,79.629997,81,78.479935,1961600,902
03/02/17,82.93,83.75,78.949997,81.599998,79.061256,3440200,903
06/02/17,81.370003,82.309998,80.199997,81.730003,79.187225,3032600,904
07/02/17,81.720001,81.980003,76.919998,77.339996,74.9338,11475000,905
08/02/17,77.82,79.449997,77.82,78.25,75.815483,2484800,906
09/02/17,78.5,78.779999,77.75,77.809998,75.389168,1740400,907
10/02/17,77.900002,78.519997,77.230003,78.370003,75.931755,1596100,908
13/02/17,78.790001,79.389999,78.419998,78.480003,76.03833,1412600,909
14/02/17,78.269997,78.699997,77.919998,78.68,76.232109,1270600,910
15/02/17,78.610001,79.589996,78.370003,79.400002,76.929718,1379400,911
16/02/17,79.470001,79.599998,78.440002,78.660004,76.212738,1131000,912
17/02/17,78.419998,79.360001,78.230003,79.309998,76.842514,796300,913
21/02/17,79.230003,80.419998,79.199997,80.150002,77.65638,1073200,914
22/02/17,80.07,80.790001,79.610001,79.650002,77.171928,994300,915
23/02/17,80.010002,80.360001,78.769997,79.360001,76.890953,1071300,916
24/02/17,78.970001,80.330002,78.419998,80.269997,77.772636,1118900,917
27/02/17,80.25,80.379997,79.190002,79.279999,76.813438,874400,918
28/02/17,79,79.550003,78.910004,78.970001,76.513092,1427000,919
01/03/17,79.769997,80.269997,78.980003,79.980003,77.491669,1158000,920
02/03/17,79.730003,80.099998,79.07,80.019997,77.530418,903800,921
03/03/17,80.019997,80.720001,79.57,80.550003,78.04393,1051100,922
06/03/17,79.970001,80.300003,79.690002,79.970001,77.481972,1292000,923
07/03/17,79.650002,80.169998,78.75,79.660004,77.181625,1459900,924
08/03/17,79.760002,80.510002,79.639999,80.199997,77.704819,1408600,925
09/03/17,80.129997,81.389999,80.019997,81.370003,78.838425,1209700,926
10/03/17,81.279999,82.449997,81.279999,82.099998,79.545708,1221400,927
13/03/17,81.629997,82.120003,81.120003,81.650002,79.565193,1213400,928
14/03/17,81.400002,83.860001,81.199997,83.360001,81.231544,2022800,929
15/03/17,83.459999,85.43,83.449997,85.239998,83.06353,1927900,930
16/03/17,85.339996,86.230003,84.800003,85.150002,82.97583,1755800,931
17/03/17,85.300003,85.75,84.669998,84.720001,82.556808,1485100,932
20/03/17,84.529999,84.769997,83.650002,84.300003,82.147537,1277500,933
21/03/17,86.75,87,83.559998,83.760002,81.621323,2523400,934
22/03/17,84.129997,84.889999,83.290001,83.589996,81.455666,1868700,935
23/03/17,83.529999,84.25,83.410004,83.739998,81.60183,1253100,936
24/03/17,83.959999,84.300003,83.389999,83.669998,81.533623,929700,937
27/03/17,83.150002,84.199997,82.75,84,81.855202,847000,938
28/03/17,84,84.480003,83.779999,84,81.855202,851200,939
29/03/17,84,84.370003,83.900002,84.129997,81.981873,994500,940
30/03/17,84.129997,84.93,84.099998,84.870003,82.702988,1180100,941
31/03/17,84.599998,86.510002,84.389999,86.220001,84.018501,2114100,942
03/04/17,86.220001,86.389999,84.519997,84.830002,82.664001,1253900,943
04/04/17,84.379997,85.099998,84.25,84.519997,82.361916,1216000,944
05/04/17,84.779999,85.190002,83.68,83.830002,81.689537,1022300,945
06/04/17,83.900002,84.760002,83.379997,84.199997,82.050087,665200,946
07/04/17,84.169998,84.580002,83.690002,84.25,82.098808,1059200,947
10/04/17,84.32,84.379997,83.669998,83.709999,81.572594,555400,948
11/04/17,83.68,83.68,83.050003,83.449997,81.319244,801800,949
12/04/17,83.400002,83.470001,82.489998,82.839996,80.724808,753000,950
13/04/17,83,83.150002,82.290001,82.339996,80.237579,827000,951
17/04/17,82.529999,83.139999,82.459999,83.080002,80.958687,596800,952
18/04/17,82.849998,83.18,82.480003,82.639999,80.529907,636400,953
19/04/17,82.730003,83.480003,82.730003,83.370003,81.241287,712700,954
20/04/17,83.68,84.25,83.389999,84.099998,81.952637,638300,955
21/04/17,84.019997,84.080002,83.589996,83.720001,81.582336,761400,956
24/04/17,84.769997,84.970001,84.32,84.720001,82.556808,538400,957
25/04/17,84.769997,85.639999,84.769997,85.389999,83.209702,754200,958
26/04/17,85.459999,85.980003,85.300003,85.379997,83.199959,578700,959
27/04/17,85.470001,86.209999,85.410004,86.07,83.87233,523700,960
28/04/17,86.110001,86.169998,85.309998,85.970001,83.774887,1083300,961
01/05/17,86.269997,86.629997,85.879997,86.160004,83.960052,735300,962
02/05/17,86.269997,86.459999,85.400002,85.919998,83.726166,825800,963
03/05/17,85.639999,86.379997,85.639999,86.370003,84.164688,676700,964
04/05/17,86.32,86.790001,85.400002,86.099998,83.901573,908400,965
05/05/17,87.43,87.690002,83.599998,84.440002,82.283966,2176700,966
08/05/17,84.300003,84.580002,83.110001,83.589996,81.455666,1776900,967
09/05/17,83.599998,84.790001,83.480003,84.769997,82.605537,1100400,968
10/05/17,84.629997,85.769997,84.040001,85.769997,83.580002,1256300,969
11/05/17,85.339996,86.970001,84.529999,85.360001,83.180466,928600,970
12/05/17,85.050003,85.269997,84.190002,84.209999,82.059837,657800,971
15/05/17,84.5,84.989998,84.32,84.480003,82.322937,589100,972
16/05/17,84.389999,84.720001,83.599998,83.699997,81.562851,1135000,973
17/05/17,83.699997,83.699997,81.580002,81.849998,79.760086,1327000,974
18/05/17,81.220001,81.699997,80.68,80.830002,78.766136,1302300,975
19/05/17,81.050003,81.199997,79.629997,80.830002,78.766136,1571300,976
22/05/17,81.949997,83.129997,81.629997,82.93,80.812515,1475800,977
23/05/17,82.93,82.93,81.779999,82.110001,80.013458,980300,978
24/05/17,82.050003,82.349998,80.970001,82.220001,80.120644,941800,979
25/05/17,82.669998,83.220001,81.889999,82.269997,80.169365,1346200,980
26/05/17,82.279999,82.720001,81.669998,81.860001,79.769829,952900,981
30/05/17,82.809998,83.93,82.239998,82.830002,80.715065,1317000,982
31/05/17,82.870003,83.599998,82.43,83.57,81.436172,2092500,983
01/06/17,83.949997,85.650002,83.489998,85.639999,83.453308,1490800,984
02/06/17,85.580002,86.790001,85.199997,86.620003,84.408295,1318800,985
05/06/17,86.589996,87.449997,86.379997,87.309998,85.080673,1077400,986
06/06/17,87.209999,87.959999,86.519997,87.459999,85.226852,1001900,987
07/06/17,87.779999,87.970001,85.669998,86.18,83.97953,1151600,988
08/06/17,86.18,86.739998,85.209999,86.650002,84.437531,831700,989
09/06/17,86.75,87.769997,85.389999,86.169998,83.969795,1173800,990
12/06/17,85.739998,86.209999,85.099998,86.110001,83.911324,1638300,991
13/06/17,86.300003,86.889999,85.639999,86.040001,84.303246,1200000,992
14/06/17,86.029999,86.029999,84.5,84.870003,83.156868,875800,993
15/06/17,84.290001,84.660004,83.860001,84.449997,82.745331,993400,994
16/06/17,84.660004,84.919998,84.300003,84.720001,83.00988,1172300,995
19/06/17,85.050003,86.300003,84.919998,86.199997,84.460014,783000,996
20/06/17,86,86.029999,85.410004,85.739998,84.0093,730800,997
21/06/17,86.07,86.379997,85.82,86.239998,84.499207,1100200,998
22/06/17,86.25,87.699997,85.949997,87.360001,85.596596,1038900,999
23/06/17,87.410004,88.760002,87.080002,88.639999,86.850761,1641400,1000
26/06/17,88.75,89.150002,88.389999,88.419998,86.635201,758200,1001
27/06/17,88.559998,88.790001,87.720001,87.720001,85.949333,792000,1002
28/06/17,88.160004,88.669998,87.809998,88.129997,86.351051,1108300,1003
29/06/17,88.089996,88.300003,86.190002,86.800003,85.047905,1436700,1004
30/06/17,87,87.559998,86.68,86.739998,84.989113,1229300,1005
03/07/17,86.989998,87.279999,86.669998,86.68,84.930321,472300,1006
05/07/17,86.830002,87.220001,86.419998,86.830002,85.077293,815200,1007
06/07/17,86.699997,86.709999,85.589996,85.959999,84.224861,860700,1008
07/07/17,86.349998,87.599998,86.290001,87.309998,85.5476,617400,1009
10/07/17,86.839996,87.599998,86.839996,87.230003,85.469223,548500,1010
11/07/17,87.379997,87.779999,86.68,87.650002,85.880745,479900,1011
12/07/17,88.199997,88.790001,87.910004,88.650002,86.860558,581500,1012
13/07/17,88.580002,88.910004,88.059998,88.330002,86.547028,683400,1013
14/07/17,88.239998,88.650002,87.769997,88.610001,86.821365,460700,1014
17/07/17,88.43,88.550003,88.059998,88.279999,86.498024,444700,1015
18/07/17,88.089996,88.470001,87.5,88.449997,86.664597,540400,1016
19/07/17,88.809998,90,88.519997,89.779999,87.967758,726400,1017
20/07/17,89.779999,89.989998,89.220001,89.959999,88.144104,531500,1018
21/07/17,89.989998,91.419998,89.639999,90.519997,88.69281,1081500,1019
24/07/17,90.510002,91.080002,90.150002,90.669998,88.839783,552600,1020
25/07/17,90.889999,91.5,90.650002,91.389999,89.545242,669400,1021
26/07/17,91.510002,92.190002,91.230003,91.839996,89.98616,686800,1022
27/07/17,91.989998,92.32,91.379997,92.209999,90.348701,732500,1023
28/07/17,91.989998,92.669998,91,91.010002,89.172913,1015400,1024
31/07/17,91.220001,91.449997,89.739998,90.68,88.849579,1004700,1025
01/08/17,91.050003,92.169998,90.900002,91.949997,90.093941,726200,1026
02/08/17,91.900002,91.989998,90.309998,90.43,88.60463,646400,1027
03/08/17,90.510002,91.349998,90.209999,90.400002,88.575233,971400,1028
04/08/17,91.589996,93.75,89.629997,90.370003,88.545845,2085500,1029
07/08/17,90.349998,90.349998,88.639999,89.199997,87.399452,1307000,1030
08/08/17,89.18,89.480003,88.300003,88.580002,86.791969,989000,1031
09/08/17,88.129997,88.529999,87.699997,88.510002,86.723381,773400,1032
10/08/17,87.849998,88.169998,86.970001,86.989998,85.234062,901000,1033
11/08/17,87.150002,88.32,86.959999,87.480003,85.71418,806000,1034
14/08/17,88.110001,88.879997,88,88.599998,86.811562,682500,1035
15/08/17,88.720001,88.870003,87.900002,87.919998,86.145287,895900,1036
16/08/17,88.050003,88.620003,86.440002,88.190002,86.409843,1548700,1037
17/08/17,87.639999,88.410004,87.080002,87.129997,85.371231,1292000,1038
18/08/17,86.989998,88.459999,86.349998,87.370003,85.606392,1185300,1039
21/08/17,86.709999,87.639999,85.68,87.199997,85.439827,1406300,1040
22/08/17,87.449997,87.5,86.029999,86.410004,84.665779,1275800,1041
23/08/17,86.160004,87.459999,85.150002,86.209999,84.46981,3547300,1042
24/08/17,86.440002,86.709999,85.910004,86.510002,84.763756,870100,1043
25/08/17,86.760002,87.470001,86.440002,86.879997,85.126282,872800,1044
28/08/17,87.019997,87.959999,87.019997,87.300003,85.537811,725900,1045
29/08/17,86.889999,87.199997,86.559998,86.940002,85.185074,880800,1046
30/08/17,86.980003,87.730003,86.519997,87.660004,85.890549,572500,1047
31/08/17,87.900002,88.330002,87.57,88.120003,86.341263,1269400,1048
01/09/17,88.339996,88.389999,87.620003,87.870003,86.096306,620400,1049
05/09/17,87.580002,87.889999,86.32,86.660004,84.910736,637200,1050
06/09/17,86.660004,86.699997,85.379997,85.720001,83.9897,1085400,1051
07/09/17,85.790001,86.449997,85.110001,86.349998,84.606987,1006400,1052
08/09/17,86.099998,86.160004,85.050003,85.120003,83.401817,1583200,1053
11/09/17,85.669998,87.400002,85.349998,87.010002,85.253662,1008400,1054
12/09/17,87.230003,87.93,86.620003,87.739998,85.968925,834100,1055
13/09/17,87.489998,87.489998,85.919998,85.970001,84.234657,762500,1056
14/09/17,85.190002,85.690002,84.43,84.580002,83.32827,957300,1057
15/09/17,84.589996,85.540001,84.279999,85.480003,84.214951,1799100,1058
18/09/17,85.760002,85.93,85.290001,85.480003,84.214951,1005700,1059
19/09/17,85.769997,86,85.269997,85.839996,84.569611,771600,1060
20/09/17,85.980003,86,84.910004,85.650002,84.382431,614600,1061
21/09/17,85.57,85.629997,84.720001,84.989998,83.732201,470900,1062
22/09/17,84.93,85.040001,84.18,84.290001,83.042557,746000,1063
25/09/17,84.139999,84.389999,83.139999,83.5,82.264252,520600,1064
26/09/17,83.650002,83.809998,82.860001,83.019997,81.791351,748100,1065
27/09/17,83.349998,84.449997,83.110001,84.099998,82.85537,877500,1066
28/09/17,83.769997,84.260002,83.589996,83.690002,82.451447,677200,1067
29/09/17,83.919998,84.870003,83.610001,84.870003,83.613983,953700,1068
02/10/17,84.739998,85.839996,84.559998,85.839996,84.569611,1039600,1069
03/10/17,85.739998,85.790001,85.260002,85.690002,84.421844,604100,1070
04/10/17,85.800003,86.010002,85.459999,85.639999,84.372581,572500,1071
05/10/17,85.669998,86.540001,85.599998,86,84.727257,749100,1072
06/10/17,86.900002,89.690002,86.75,89.440002,88.116348,2118200,1073
09/10/17,89.699997,90.050003,88.919998,89.099998,87.781372,991300,1074
10/10/17,89.540001,89.720001,88.760002,89.080002,87.761681,824100,1075
11/10/17,89.169998,89.5,88.779999,89.260002,87.939011,570300,1076
12/10/17,89.190002,90.230003,88.889999,89.800003,88.471016,725600,1077
13/10/17,90,90.160004,89.510002,89.93,88.599091,681000,1078
16/10/17,89.93,90.019997,89.279999,89.360001,88.037537,583400,1079
17/10/17,89.089996,89.300003,88.529999,88.879997,87.564621,589100,1080
18/10/17,89.150002,89.190002,88.059998,89.089996,87.771515,720200,1081
19/10/17,88.849998,90.07,88.709999,89.650002,88.323235,611700,1082
20/10/17,90.370003,90.669998,89.639999,90,88.668053,1136000,1083
23/10/17,90.349998,90.43,89.790001,89.940002,88.608948,563200,1084
24/10/17,90,90.879997,89.699997,90.230003,88.894653,466700,1085
25/10/17,89.970001,90.5,89.650002,90.050003,88.717316,572100,1086
26/10/17,90.129997,90.43,89.309998,90.279999,88.943909,410600,1087
27/10/17,90.449997,91.790001,90.019997,91.190002,89.840446,701100,1088
30/10/17,91.07,91.169998,90.160004,90.370003,89.032585,725600,1089
31/10/17,90.32,90.800003,90.029999,90.540001,89.200066,750500,1090
01/11/17,91.139999,91.739998,90.160004,90.559998,89.219765,789800,1091
02/11/17,90.330002,90.599998,89.82,90.019997,88.687759,1058400,1092
03/11/17,91.519997,94.940002,90.400002,94.25,92.855164,1576900,1093
06/11/17,94.019997,94.059998,92.190002,92.43,91.062096,1385600,1094
07/11/17,92.400002,92.650002,91.68,92.110001,90.746834,678900,1095
08/11/17,91.989998,93.110001,91.400002,92.660004,91.288696,672900,1096
09/11/17,92,92.110001,91.260002,91.610001,90.254234,627800,1097
10/11/17,91.279999,92,91,91.07,89.722221,584900,1098
13/11/17,90.599998,91.760002,90.599998,91.370003,90.017784,782200,1099
14/11/17,90.870003,91.18,90.25,91.019997,89.672958,760700,1100
15/11/17,90.980003,91.620003,90.209999,90.389999,89.052284,807500,1101
16/11/17,90.620003,91.209999,90.050003,90.970001,89.623703,947300,1102
17/11/17,90.599998,91.449997,90.419998,90.949997,89.603996,1161900,1103
20/11/17,91.370003,92.690002,91.260002,92.330002,90.96357,500300,1104
21/11/17,92.589996,93.43,92.370003,92.449997,91.081795,1040200,1105
22/11/17,92.599998,92.599998,91.209999,91.830002,90.47097,508600,1106
24/11/17,92.040001,92.599998,91.989998,92.360001,90.993134,235000,1107
27/11/17,92.610001,93.239998,92.32,92.879997,91.505432,519000,1108
28/11/17,93.129997,94.629997,93.099998,94.529999,93.131012,909100,1109
29/11/17,94.389999,94.959999,94,94.169998,92.776337,793100,1110
30/11/17,94.300003,94.660004,93.82,94.110001,92.717239,854400,1111
01/12/17,94,94.18,92.110001,93.029999,91.653214,1004400,1112
04/12/17,93.440002,94,93.139999,93.629997,92.244331,1308700,1113
05/12/17,93.120003,93.790001,90.510002,90.660004,89.318298,1428500,1114
06/12/17,90.449997,91.879997,90.25,91.290001,89.938965,743700,1115
07/12/17,91.089996,93.959999,90.860001,92.800003,91.42662,2148100,1116
08/12/17,93.470001,93.730003,92.169998,92.519997,91.150764,1231900,1117
11/12/17,92.32,92.760002,91.940002,92.330002,90.96357,1231300,1118
12/12/17,92.419998,93.949997,91.82,93.370003,91.988182,872800,1119
13/12/17,93.309998,94.690002,93,93.940002,92.549751,907200,1120
14/12/17,93.800003,93.800003,92.080002,92.199997,91.34111,1052300,1121
15/12/17,92.620003,93.879997,92.230003,93.150002,92.282265,1438900,1122
18/12/17,93.269997,94.68,93.269997,94.489998,93.609779,1566700,1123
19/12/17,94.699997,95.300003,93.260002,93.279999,92.411049,1781300,1124
20/12/17,93.589996,93.769997,92,92.099998,91.242043,1041400,1125
21/12/17,92.18,92.720001,91.360001,91.620003,90.766518,814100,1126
22/12/17,91.620003,91.629997,90.639999,90.760002,89.91452,559100,1127
26/12/17,90.82,91.07,90.330002,90.669998,89.825356,609100,1128
27/12/17,90.650002,90.919998,90.010002,90.800003,89.954155,555500,1129
28/12/17,90.959999,91.449997,89.919998,90.57,89.726295,1095700,1130
29/12/17,90.800003,90.93,90.040001,90.339996,89.498428,630600,1131
02/01/18,90.839996,91.139999,90.050003,90.550003,89.706482,800400,1132
03/01/18,90.470001,90.580002,89.18,89.910004,89.072449,1591200,1133
04/01/18,89.889999,91.620003,89.889999,90.660004,89.81546,1295900,1134
05/01/18,91.209999,91.980003,90.690002,91.879997,91.024086,679600,1135
08/01/18,91.68,92.849998,91.599998,92.82,91.955338,727700,1136
09/01/18,93,93.480003,91.93,92.120003,91.261864,814300,1137
10/01/18,91.959999,92.709999,91.720001,92.379997,91.519424,537000,1138
11/01/18,92.330002,93.629997,92.139999,93.550003,92.678535,811900,1139
12/01/18,94.980003,97.18,94.650002,96.57,95.670403,1874900,1140
16/01/18,97.099998,97.120003,95.279999,95.860001,94.967018,1192700,1141
17/01/18,96.449997,97.699997,96.349998,97.279999,96.373779,691400,1142
18/01/18,97.410004,97.650002,96.839996,97.5,96.591736,1061300,1143
19/01/18,97.980003,98.269997,97.449997,97.800003,96.888947,1069800,1144
22/01/18,98.220001,98.269997,97.019997,97.330002,96.423317,976200,1145
23/01/18,97.330002,97.330002,96.370003,96.760002,95.858635,808700,1146
24/01/18,97.150002,97.260002,95.760002,95.839996,94.947197,837200,1147
25/01/18,96.739998,98.190002,96.379997,97.68,96.770065,1117500,1148
26/01/18,98.110001,99,97.93,99,98.077766,976300,1149
29/01/18,99.110001,100.800003,99.010002,99.18,98.256088,986100,1150
30/01/18,98.879997,99.93,98.339996,99.800003,98.870316,906500,1151
31/01/18,99.860001,100.260002,98.860001,99.459999,98.533478,887900,1152
01/02/18,99.489998,99.980003,97.68,99.120003,98.196648,1483400,1153
02/02/18,100.849998,107.779999,100.580002,103.870003,102.902397,4455900,1154
05/02/18,103.550003,106,101.059998,101.059998,100.118576,3017100,1155
06/02/18,99.660004,103.18,99.040001,102.760002,101.802742,3183300,1156
07/02/18,102.779999,104.160004,102.339996,102.629997,101.67395,2096200,1157
08/02/18,102.949997,103,98.720001,98.739998,97.820183,2042600,1158
09/02/18,99.510002,100.32,96.940002,99.129997,98.206551,3309500,1159
12/02/18,99.82,102.010002,99.639999,101.300003,100.356339,1243500,1160
13/02/18,100.839996,102.089996,100.199997,101.940002,100.990372,1024500,1161
14/02/18,101.620003,105.220001,101.300003,105.019997,104.041679,1658500,1162
15/02/18,105.639999,106.370003,104.620003,106.129997,105.141342,1694000,1163
16/02/18,105.830002,107.080002,105.010002,105.910004,104.923393,1075500,1164
20/02/18,105.260002,106.970001,104.839996,105.75,104.764885,1420200,1165
21/02/18,106.099998,106.650002,104.970001,104.989998,104.011963,1114700,1166
22/02/18,105.330002,106.25,104.269997,104.730003,103.754387,1131900,1167
23/02/18,105.43,107.110001,105.269997,106.730003,105.735756,1226600,1168
26/02/18,107.150002,107.290001,106.269997,106.82,105.824913,973400,1169
27/02/18,106.989998,107.639999,106.220001,106.620003,105.626785,1206000,1170
28/02/18,106.720001,107.779999,106.150002,106.150002,105.161156,1066000,1171
01/03/18,107.169998,107.529999,105.25,106.32,105.329575,1335200,1172
02/03/18,105.669998,106.610001,105.300003,106.290001,105.299858,818200,1173
05/03/18,106.089996,107.949997,105.589996,107.269997,106.270721,957400,1174
06/03/18,107.589996,108.75,107.32,108.379997,107.370384,955400,1175
07/03/18,107.57,109.18,107.57,108.839996,107.826096,899000,1176
08/03/18,109.199997,109.230003,107.370003,108.470001,107.459541,888300,1177
09/03/18,108.5,109.489998,108.230003,109.089996,108.073769,1629100,1178
12/03/18,109.120003,109.419998,108.529999,108.849998,107.835999,1327900,1179
13/03/18,109.239998,110.290001,108.639999,109.220001,108.20256,1425900,1180
14/03/18,109.43,109.739998,108.550003,108.949997,108.451416,933500,1181
15/03/18,108.949997,109.489998,108.519997,108.800003,108.302109,930100,1182
16/03/18,109,109.82,108.620003,108.830002,108.33197,1290500,1183
19/03/18,108.32,109.040001,107.720001,108.75,108.252335,1027900,1184
20/03/18,109.050003,109.830002,108.730003,109.389999,108.889404,1077100,1185
21/03/18,109.029999,109.790001,108.849998,109.089996,108.590775,1070300,1186
22/03/18,108.309998,108.769997,107.129997,107.199997,106.709419,1031300,1187
23/03/18,107.529999,107.809998,104.279999,104.279999,103.802788,975700,1188
26/03/18,105.580002,106.480003,104.949997,105.790001,105.305878,1286400,1189
27/03/18,106.349998,107.120003,105.279999,105.93,105.445236,2009800,1190
28/03/18,105.669998,106.379997,103.919998,103.959999,103.484253,867900,1191
29/03/18,104.489998,105.849998,104.059998,105.300003,104.818123,920500,1192
02/04/18,105.010002,105.720001,103.18,104.519997,104.041687,1445100,1193
03/04/18,105.269997,106.419998,104.400002,104.93,104.449814,1325200,1194
04/04/18,103.779999,106.419998,103.68,106.07,105.584595,1603100,1195
05/04/18,106.93,107.690002,106.120003,106.690002,106.201759,1409500,1196
06/04/18,105.769997,106.459999,103.699997,103.980003,103.504166,1080400,1197
09/04/18,104.709999,105.769997,104.550003,104.709999,104.23082,1018400,1198
10/04/18,106.010002,107.800003,105.769997,107.550003,107.057823,1073400,1199
11/04/18,106.949997,108.269997,106.419998,107.629997,107.137451,773900,1200
12/04/18,108.239998,108.949997,107.68,108.330002,107.834251,729800,1201
13/04/18,108.379997,108.580002,107.290001,107.690002,107.197182,548900,1202
16/04/18,107.949997,109.459999,106.910004,108.919998,108.421555,743500,1203
17/04/18,109.25,110.93,108.989998,110.650002,110.143639,798600,1204
18/04/18,110.839996,111.910004,110.389999,111.419998,110.91011,721100,1205
19/04/18,110.860001,111.400002,110.540001,110.709999,110.203362,832300,1206
20/04/18,111.059998,111.459999,110.150002,110.57,110.064003,719200,1207
23/04/18,110.849998,111.68,109.650002,109.82,109.317436,762800,1208
24/04/18,109.970001,111.290001,108.919998,109.639999,109.13826,1096300,1209
25/04/18,109.25,109.620003,108.43,109.419998,108.919266,819000,1210
26/04/18,109.589996,110.339996,109.18,109.830002,109.327393,548100,1211
27/04/18,109.849998,110.25,109.139999,110.150002,109.645927,921800,1212
30/04/18,110.400002,110.940002,109.459999,109.830002,109.327393,899800,1213
01/05/18,109.830002,109.879997,106.839996,108.480003,107.983566,1209600,1214
02/05/18,108.699997,109.099998,107.470001,107.629997,107.137451,959700,1215
03/05/18,107.519997,107.959999,105.5,107.690002,107.197182,1843200,1216
04/05/18,107.959999,109.150002,105.059998,108.029999,107.535622,2377700,1217
07/05/18,108.529999,108.559998,106.650002,107.309998,106.818916,1615200,1218
08/05/18,107.300003,108.480003,106.889999,107.839996,107.346489,1137000,1219
09/05/18,107.889999,108.209999,105.410004,105.779999,105.295921,1866700,1220
10/05/18,106.32,108.919998,106.25,108.75,108.252335,1517800,1221
11/05/18,108.589996,108.669998,107.5,108.370003,107.874069,1065500,1222
14/05/18,108.43,109.339996,107.110001,107.379997,106.888596,1239300,1223
15/05/18,107.019997,108.059998,106.769997,107.980003,107.485855,1145600,1224
16/05/18,107.919998,108.349998,107.169998,107.300003,106.808968,968300,1225
17/05/18,106.650002,107,106.110001,106.25,105.763771,1122000,1226
18/05/18,106.120003,106.970001,105.889999,106.410004,105.923042,2433400,1227
21/05/18,107.110001,108.480003,106.82,108.379997,107.884018,1337600,1228
22/05/18,109,109.790001,108.309998,109.309998,108.809769,1964400,1229
23/05/18,108.629997,110.849998,108.379997,110.839996,110.332764,1282700,1230
24/05/18,110.43,111.07,110.040001,110.860001,110.352676,1344600,1231
25/05/18,111.099998,111.519997,110.139999,110.57,110.064003,907500,1232
29/05/18,110.059998,110.43,109.099998,109.68,109.178078,1295400,1233
30/05/18,109.800003,110.650002,109.459999,109.470001,108.96904,1063200,1234
31/05/18,109.900002,109.900002,107.220001,107.339996,106.848778,3675800,1235
01/06/18,108.019997,109.150002,107.730003,109.110001,108.610687,819300,1236
04/06/18,109.160004,110.019997,108.779999,109.910004,109.407028,642300,1237
05/06/18,109.989998,112.43,109.510002,112.339996,111.825897,1342300,1238
06/06/18,112.290001,113.599998,111.529999,113.580002,113.060226,1660700,1239
07/06/18,113.660004,113.690002,111.389999,112.220001,111.706451,1378700,1240
08/06/18,112.230003,112.919998,111.239998,112.300003,111.786087,789800,1241
11/06/18,112.220001,112.900002,112.010002,112.510002,111.995125,732900,1242
12/06/18,112.900002,113.360001,112.139999,113.279999,112.761597,695200,1243
13/06/18,113.620003,114.459999,113.059998,113.629997,113.109993,702900,1244
14/06/18,113.330002,114.449997,113.330002,113.900002,113.900002,822300,1245
15/06/18,113.68,114.699997,112.82,114.519997,114.519997,1693800,1246
18/06/18,113.610001,115.580002,113.589996,115.5,115.5,889200,1247
19/06/18,114.550003,115.879997,114.360001,115.800003,115.800003,1051300,1248
20/06/18,115.940002,116.68,115.269997,115.970001,115.970001,729800,1249
21/06/18,116.639999,117.620003,116.019997,117.050003,117.050003,850000,1250
22/06/18,117.239998,118.370003,117.110001,117.709999,117.709999,1704000,1251
25/06/18,117.620003,117.879997,115.410004,116.050003,116.050003,1072300,1252
26/06/18,115.980003,116.400002,115.440002,115.480003,115.480003,1155800,1253
27/06/18,115.779999,116.029999,114.93,115.410004,115.410004,1125400,1254
28/06/18,115,117.360001,114.860001,117.110001,117.110001,976700,1255
29/06/18,117.449997,117.849998,116.279999,116.370003,116.370003,1345900,1256
02/07/18,115.870003,116.550003,114.949997,116.510002,116.510002,871800,1257
03/07/18,116.970001,117.669998,115.75,115.900002,115.900002,648800,1258